-- phpMyAdmin SQL Dump
-- version 5.2.0
-- https://www.phpmyadmin.net/
--
-- Хост: 127.0.0.1:3306
-- Время создания: Май 26 2023 г., 14:48
-- Версия сервера: 8.0.30
-- Версия PHP: 8.1.9

SET SQL_MODE = "NO_AUTO_VALUE_ON_ZERO";
START TRANSACTION;
SET time_zone = "+00:00";


/*!40101 SET @OLD_CHARACTER_SET_CLIENT=@@CHARACTER_SET_CLIENT */;
/*!40101 SET @OLD_CHARACTER_SET_RESULTS=@@CHARACTER_SET_RESULTS */;
/*!40101 SET @OLD_COLLATION_CONNECTION=@@COLLATION_CONNECTION */;
/*!40101 SET NAMES utf8mb4 */;

--
-- База данных: `mini_blog`
--

-- --------------------------------------------------------

--
-- Структура таблицы `authors`
--

CREATE TABLE `authors` (
  `id` int NOT NULL,
  `first_name` varchar(255) CHARACTER SET utf8mb4 COLLATE utf8mb4_general_ci NOT NULL,
  `last_name` varchar(255) CHARACTER SET utf8mb4 COLLATE utf8mb4_general_ci NOT NULL,
  `short_info` text CHARACTER SET utf8mb4 COLLATE utf8mb4_general_ci NOT NULL,
  `biography` text CHARACTER SET utf8mb4 COLLATE utf8mb4_general_ci NOT NULL,
  `avatar` varchar(255) CHARACTER SET utf8mb4 COLLATE utf8mb4_general_ci NOT NULL
) ENGINE=InnoDB DEFAULT CHARSET=utf8mb4 COLLATE=utf8mb4_general_ci;

--
-- Дамп данных таблицы `authors`
--

INSERT INTO `authors` (`id`, `first_name`, `last_name`, `short_info`, `biography`, `avatar`) VALUES
(1, 'Чендлер', 'Бинг', 'Чендлер родился 8 апреля 1968 года в семье писательницы эротических романов Норы Тайлер Бинг и гомосексуала-трансвестита, звезды Лас-Вегаса Чарльза «Хэлены Хэндбаскет» Бинга. Он имеет шотландскую и шведскую родословную. Родители Чендлера получили свои имена в честь одного из персонажей в фильме «Тонкий человек» 1934 года (а именно — Норы Чарльз). Чендлер - единственный из главных героев, у которого нет братьев и сестёр.', 'Чендлер родился 8 апреля 1968 года в семье писательницы эротических романов Норы Тайлер Бинг и гомосексуала-трансвестита, звезды Лас-Вегаса Чарльза «Хэлены Хэндбаскет» Бинга. Он имеет шотландскую и шведскую родословную. Родители Чендлера получили свои имена в честь одного из персонажей в фильме «Тонкий человек» 1934 года (а именно — Норы Чарльз). Чендлер - единственный из главных героев, у которого нет братьев и сестёр.\r\n\r\nКогда Чендлеру было девять лет в 1978 году, родители сказали ему, что решили разойтись. Поскольку это произошло на День благодарения, этот праздник для Чендлера стал малоприятным событием. В тот же год Чендлер выкурил свою первую сигарету.\r\n\r\nВ колледже Чендлер жил в одной комнате с Россом Геллером, который стал его лучшим другом. Тогда же Чендлер познакомился с сестрой Росса, Моникой, которая впоследствии стала его женой. После окончания колледжа он снял квартиру напротив квартиры бабушки Моники и Росса, в которой, на тот момент, уже проживала Моника и Фиби. Чуть позже соседом Чендлера по квартире стал Джоуи Триббиани.\r\n\r\nУ Чендлера был третий сосок. Однако после того, как из-за этого от него ушла девушка (у которой ко всему прочему был протез ноги), он удалил его, в чём впоследствии раскаялся. Ещё один дефект тела: отсутствие кончика мизинца на правой ноге, его случайно отрезала Моника на День благодарения в 1998 году (8 серии 5 сезона).\r\n\r\nВ шестом сезоне Чендлер переезжает в квартиру Моники, а в седьмом происходит их свадьба. До начала отношений с Моникой он продолжительное время встречался с девушкой по имени Дженис.\r\n\r\nНа протяжении большинства эпизодов сериала Чендлер был офисным работником и специализировался на статистическом анализе и реконфигурации данных. После того, как заснул на одном из собраний, случайно согласился уехать работать в Талсу в качестве регионального президента. Позже уволился по собственному желанию, со временем устроился в рекламную компанию копирайтером.\r\n\r\nЧендлер, как и Росс и Рэйчел, целовал всех пятерых героев сериала. Он целовал Монику, когда они встречались. Он целовал всех девушек, когда скрывал отношения с Моникой (5 сезон, 2 серия). Также его поцеловал Джоуи в канун Нового Года в первом сезоне. В эпизоде «Эпизод, где Чендлер не помнит какая сестра» Чендлер был пьян и поцеловал Росса, но это осталось за кадром.\r\n\r\nФрэнк Буффе Младший по предложению Фиби назвал одного из своих детей Чендлером даже несмотря на то, что родилась девочка.\r\n\r\nЧендлер и Моника впервые познакомились ещё в колледже. Чендлер намекал Монике на возможность более близких отношений ещё в третьем сезоне сериала, однако тогда всё ограничилось шутками. Настоящий же роман начался между ними на свадьбе Росса в Лондоне. Там подвыпившие Чендлер и Моника провели вместе ночь. После этого по возвращении в Нью-Йорк они долгое время скрывали свои отношения, но в конечном итоге их тайна открылась.\r\n\r\nВ шестом сезоне Чендлер переехал в квартиру Моники, а в конце седьмого состоялась свадьба (священником выступил Джоуи, получивший сан через Интернет).\r\n\r\nПоскольку, как выяснилось, Чендлер и Моника не могли иметь детей, они решили усыновить ребёнка. В последнем эпизоде сериала на свет появились близнецы Джек (в честь отца Моники) и Эрика (названная так в честь женщины, которая их родила).\r\n\r\n', '/template/images/authors/chandler-bing.jpg'),
(2, 'Рэйчел', 'Грин', 'Первое появление Рэйчел состоялось в пилотном эпизоде «Друзей», где она была представлена как сбежавшая невеста, которая бросила своего жениха Барри Фарбера (Митчелл Уитфилд  (англ.)рус.) у алтаря. Она находит свою лучшую подругу детства Монику Геллер (Кортни Кокс), единственную знакомую из Нью-Йорка, которая соглашается позволить Рэйчел жить с ней, пока та пытается переосмыслить свою жизнь.', 'Первое появление Рэйчел состоялось в пилотном эпизоде «Друзей», где она была представлена как сбежавшая невеста, которая бросила своего жениха Барри Фарбера (Митчелл Уитфилд  (англ.)рус.) у алтаря. Она находит свою лучшую подругу детства Монику Геллер (Кортни Кокс), единственную знакомую из Нью-Йорка, которая соглашается позволить Рэйчел жить с ней, пока та пытается переосмыслить свою жизнь. Рэйчел знакомится с друзьями Моники: Фиби Буффе (Лиза Кудроу), Джоуи Триббиани (Мэтт Леблан) и Чендлером Бингом (Мэттью Перри), а также вновь встречает её старшего брата Росса Геллера (Дэвидом Швиммером), который был безответно влюблён в неё в школе. Рэйчел, которая всю свою жизнь полагалась на деньги своих родителей и мечтала выйти замуж по расчёту, пытается реализовать себя в качестве молодой независимой женщины, устраиваясь на работу официанткой в кафе «Central Perk», где регулярно встречается вместе со своими новыми друзьями[5]. Несмотря на то, что она плохо выполняет свои обязанности, Рэйчел сохраняет работу, поскольку в неё влюблён менеджер заведения, Гантер (Джеймс Майкл Тайлер).\r\n\r\nК концу первого сезона Рэйчел узнаёт о чувствах Росса и понимает, что тоже любит его. Тем не менее, когда она наконец решает признаться ему, Рэйчел обнаруживает, что тот начал отношения с женщиной по имени Джули (Лорен Том)[6]. В конечном итоге Росс бросает Джули и делает выбор в пользу Рэйчел,[7] и их отношения прогрессируют до конца второго сезона,[8] однако в третьем сезоне молодые люди начинают всё чаще ссориться,[9] когда Рэйчел увольняется из кафе и устраивается на работу в сфере моды. Росс ревнует её из-за завязавшегося общения с коллегой по работе, Марком (Стивен Экхольдт),[10] в результате чего Рэйчел решает сделать «перерыв» в их отношениях. Росс приходит к выводу, что они расстались и прелюбодействует с другой женщиной. На следующий день Рэйчел возвращается к Россу, но, узнав о его измене, расстаётся с ним[11].\r\n\r\nВ следующих эпизодах после расставания Рэйчел и Росс изначально не разговаривают друг с другом, но при этом сохраняют обоюдные чувства. Во время пляжного отдыха со своими друзьями они ненадолго мирятся, когда Росс заканчивает свои отношения с Бонни (Кристин Тейлор),[12] однако затем вновь расстаются из-за разногласий. В течение четвёртого сезона Рэйчел встречается со своим клиентом Джошуа (Тейт Донован), а у Росса завязываются отношения с племянницей босса Рэйчел, Эмили (Хелен Баксендейл), которой впоследствии делает предложение. В ответ, Рэйчел также делает предложение Джошуа, что отпугивает его. Затем, Рэйчел становится косвенной причиной расставания Росса и Эмили, когда во время обмена свадебными клятвами Росс называет свою невесту «Рэйчел»[13]. В конце концов, Росс разводится с Эмили, выбирая между ней и дружбой с Рэйчел[14].\r\n\r\nВ конце пятого сезона Росс и Рэйчел заключают брак, находясь под воздействием алкоголя, во время отдыха в Лас-Вегасе[15]. В начале шестого сезона ходатайство об аннулировании брака было отклонено, из-за чего им приходится развестись. В седьмом сезоне Рэйчел и Росс проводят ночь, которая приводит к беременности Рэйчел[16]. В конце восьмого сезона она рожает девочку и даёт ей имя Эмма Геллер-Грин[17]. В течение первой половины девятого сезона они живут в квартире Росса, однако не возобновляют свои отношения.\r\n\r\nВ конце девятого сезона Джоуи признаётся Рэйчел в своих чувствах, и они решают стать больше, чем просто друзьями[18]. Тем не менее, они расстаются в десятом сезоне, понимая, что между ними ничего не выйдет[19].\r\n\r\nРэйчел, в конце концов, находит работу во Франции, однако вспоминает признание Росса о том, что тот всё ещё любит её, и решает остаться. В последнюю минуту она выходит из самолёта и возвращается к Россу, после чего они окончательно воссоединяются друг с другом[20].', '/template/images/authors/rachel-green.jpg'),
(3, 'Моника', 'Геллер', 'Моника — младшая сестра Росса Геллера. В детстве она была очень полной, отчего сильно комплексовала. Однако ко времени начала действия сериала она стала стройной и атлетичной.[1] О том, что она была очень полной, зрители узнают, когда герои смотрят вместе домашнее видео времён школьных старших классов. ', 'Моника — младшая сестра Росса Геллера. В детстве она была очень полной, отчего сильно комплексовала. Однако ко времени начала действия сериала она стала стройной и атлетичной.[1] О том, что она была очень полной, зрители узнают, когда герои смотрят вместе домашнее видео времён школьных старших классов. На оправдания Моники по поводу лишнего веса («камера прибавляет десять фунтов») следует язвительный комментарий Чендлера: «Сколько же камер тебя снимало?».[1] Моника похудела, потому что подслушала как Чендлер высмеивал её полноту в юности. Причём сделала это за один год. Впоследствии она закончит кулинарную школу. До 13 лет не могла узнать время по часовым стрелкам. Моника любит музыкальную группу The Rolling Stones. Дважды прослушала курс психологии в колледже.\r\n\r\nВ начале самостоятельной жизни Моника живет в квартире своей бабушки, вместе со своей подругой Фиби Буффе, однако в начале сериала Фиби съезжает, а в квартире Моники поселяется её школьная подруга Рэйчел Грин. Позднее в квартиру Моники въезжает её возлюбленный, Чендлер. А в последнем эпизоде «Друзей» Моника и Чендлер съезжают с квартиры и переезжают в собственный дом.\r\n\r\nМоника очень организована, чересчур озабочена порядком и чистотой, однажды она сказала, как вымыла 7 автомобилей на парковке возле дома, только потому что не могла вытерпеть их грязный вид. Так же любит азартные игры и ненавидит проигрывать. Коронная фраза — «I KNOW! (рус. Я знаю!)»\r\n\r\nУ неё сохранились комплексы из-за чрезмерной полноты в прошлом и из-за того, что в детстве родители больше любили её старшего брата, Росса.\r\n\r\nМоника и Чендлер познакомились на День Благодарения в 1987 году, когда Чендлер приехал к Россу, с которым жил в одной комнате, на выходные. Он сразу понравился Монике, и она приготовила ему макароны с сыром, когда узнала, что он не ест традиционные блюда. Чендлер посоветовал Монике стать поваром, а потом сказал Россу, что не желает общаться с «его жирной сестрой», не зная, что она его подслушивает. На следующий год похудевшая Моника нечаянно отрезала кончик мизинца Чендлеру, когда пыталась отомстить ему за то, что он высмеивал её полноту. Тем не менее, впоследствии Моника и Чендлер сблизились.\r\n\r\nБлизкие отношения между Чендлером и Моникой начались в Лондоне на свадьбе её брата. Тогда Моника была очень расстроена из-за того, что один из гостей принял её за мать Росса, и Чендлер её утешил, после чего они переспали. Постепенно их отношения переросли в роман, который, однако, они продолжительное время ото всех скрывали. Об их отношениях совершенно случайно узнал Джо, а за ним и остальные друзья.\r\n\r\nВ седьмом сезоне Чендлер и Моника поженились. Свадьба Моники и Чендлера была 18 июня 2001 года. А в последнем сезоне, выяснив, что они не могут иметь детей, Чендлер и Моника усыновили двойняшек Эрику и Джека.', '/template/images/authors/monica-geller.jpg'),
(4, 'Росс', 'Геллер', 'Доктор Росс Юстас Геллер (англ. Ross Eustace Geller) — персонаж американского телевизионного сериала «Друзья», исполняемый Дэвидом Швиммером. Росс считается наиболее умным членом компании друзей, являясь доктором философии и профессором палеонтологии.', 'Доктор Росс Юстас Геллер (англ. Ross Eustace Geller) — персонаж американского телевизионного сериала «Друзья», исполняемый Дэвидом Швиммером. Росс считается наиболее умным членом компании друзей, являясь доктором философии и профессором палеонтологии[1].\r\n\r\nЕго отношения с Рэйчел Грин были включены TV Guide в «список лучших телевизионных пар всех времён», а также Entertainment Weekly в «30 лучших «Быть/Не быть им телевизионной парой».\r\n\r\nИсполнительный продюсер Кевин Брайт уже работал со Швиммером раньше, поэтому сценаристы создавали характер Росса именно под Швиммера. И, следовательно, Швиммер был первым человеком, которого пригласили в шоу.\r\n\r\nРосс — старший брат Моники и любимец родителей. Это объясняется тем, что, как считалось, Джек и Джуди Геллер были бесплодны и появление Росса стало для них настоящим чудом. Росс и Моника очень конфликтовали в детстве, но повзрослев, они очень сблизились. Тем не менее, детские конфликты периодически дают о себе знать.\r\n\r\nДень рождения Росса сложно определить: однажды[4] он сказал, что его день рождения 18 октября, однако когда Джоуи и Чендлер дарят Россу билет на хоккей, якобы в честь его дня рождения (что происходит 20 октября[5]), тот говорит, что его день рождения был 7 месяцев назад. Также, когда Гантер спрашивает, когда день рождения у Рэйчел, Росс сообщает, что родился в декабре.\r\n\r\nУ Росса аллергия на мясо крабов, лобстеров, арахис и киви (однако после неудачного свидания вслепую он не только с удовольствием забирает бесплатный крабовый салат, но и возвращается туда ещё раз за салатом уже вместе с Джоуи[6]). Также Росс утверждает, что не любит мороженое, мотивируя это тем, что оно слишком холодное. Но, гуляя по городу с своей обезьянкой Марселем, он покупает себе мороженое в стаканчике[7], а также он ест мороженое во время прогулки по городу со своей студенткой.\r\n\r\nРосс страдает арахнофобией, а также трипанофобией (боязнь игл и уколов). Убеждён в своих талантах относительно игры на синтезаторе, однако большинство друзей это его убеждение не разделяют. Росс, как и его отец Джек Геллер, — иудей. Однако, со второй женой он сочетался браком в англиканской церкви.\r\n\r\nРосс утверждает, что ему принадлежат идеи фильмов «Крепкий орешек», «Парк Юрского периода», а также рекламной концепции «Got milk?». Имея большее количество денег, хотел бы построить динопарк имени Амелии Эрхарт.\r\n\r\nОднажды[8], Росс (который немного занимался каратэ) объясняет Рэйчел и Фиби, что (по его мнению) унаги — это состояние полного созидания, когда ты предвидишь, что с тобой произойдёт (на самом деле состояние полного созидания — это понятие японских боевых искусств заншин). Девушки высмеивают его и организуют засаду у его дома, пугая Росса до визга.\r\n\r\nЗнаменитости, с которыми хотел бы переспать Росс, и включенные в его «Список знаменитостей»: Ума Турман, Вайнона Райдер, Элизабет Хёрли, Мишель Пфайффер, Дороти Хэмилл. Ранее в нем была Изабелла Росселлини , но он убрал ее из списка, т.к. она считается «международной», а это не подходит. Однажды в кафе зашла Изабелла, Росс пытается к ней «подкатить», рассказывая про свой список, но неудачно.\r\n\r\nКоронная фраза Росса — «Hi» («Привет») произносится с известной долей горечи в голосе.', '/template/images/authors/ross-geller.jpg');

-- --------------------------------------------------------

--
-- Структура таблицы `category`
--

CREATE TABLE `category` (
  `id` int NOT NULL,
  `title` varchar(255) CHARACTER SET utf8mb4 COLLATE utf8mb4_general_ci NOT NULL,
  `translation` varchar(255) CHARACTER SET utf8mb4 COLLATE utf8mb4_general_ci NOT NULL,
  `description` text CHARACTER SET utf8mb4 COLLATE utf8mb4_general_ci NOT NULL,
  `class_name` varchar(255) CHARACTER SET utf8mb4 COLLATE utf8mb4_general_ci DEFAULT NULL
) ENGINE=InnoDB DEFAULT CHARSET=utf8mb4 COLLATE=utf8mb4_general_ci;

--
-- Дамп данных таблицы `category`
--

INSERT INTO `category` (`id`, `title`, `translation`, `description`, `class_name`) VALUES
(1, 'sport', 'Спорт', 'Спорт (англ. sport, сокращение от первоначального старофранц. desport — «игра», «развлечение») — организованная по определённым правилам деятельность людей (спортсменов), состоящая в сопоставлении их физических и/или интеллектуальных способностей. Спорт представляет собой специфический род физической или интеллектуальной активности, совершаемой с целью соревнования, а также целенаправленной подготовки к ним путём разминки, тренировки. В сочетании с отдыхом, стремлением к постепенному улучшению физического здоровья, повышению уровня интеллекта, получению морального удовлетворения, к совершенству, улучшению личных, групповых и абсолютных рекордов, славе, улучшению собственных физических возможностей и навыков спорт предназначен для совершенствования физико-психических характеристик человека.', 'bg-success'),
(2, 'science', 'Наука', 'Нау́ка — деятельность, направленная на выработку и систематизацию объективных знаний о действительности.\r\n\r\nЭта деятельность осуществляется путём сбора фактов, их регулярного обновления, систематизации и критического анализа. На этой основе выполняется обобщения или синтез новых знаний, которые описывают наблюдаемые природные или общественные явления и указывают на причинно-следственные связи, что позволяет осуществлять прогнозирование. Те гипотезы, которые описывают совокупность наблюдаемых фактов и не опровергаются экспериментами, признаются законами природы или общества (см. научный метод).\r\n\r\nПо мнению историка науки И. Н. Веселовского, «Современная наука, по существу, опирается на следующие три основы: 1) применение эксперимента, наблюдения и опыта при изучении природы; 2) логические доказательства выводов, полученных из основных предпосылок; 3) возможность математического представления природных процессов».\r\n', 'bg-warning'),
(3, 'space', 'Космос', 'Косми́ческое простра́нство, ко́смос (др.-греч. κόσμος — «упорядоченность», «порядок») — относительно пустые участки Вселенной, которые лежат вне границ атмосфер небесных тел. Космос не является абсолютно пустым пространством: в нём есть, хотя и с очень низкой плотностью, межзвёздное вещество (преимущественно молекулы водорода), кислород в малых количествах (остаток после взрыва звезды), космические лучи и электромагнитное излучение, а также гипотетическая тёмная материя.\r\n\r\nВ своём изначальном понимании греческий термин «космос» (мироустройство) имел философскую основу, определяя гипотетический замкнутый вакуум вокруг Земли — центра Вселенной. Тем не менее, в языках на латинской основе и её заимствованиях к одинаковой семантике применяют практический термин «пространство» (так как с научной точки зрения обволакивающий Землю вакуум бесконечен), поэтому в русском и близких ему языках в результате реформенной корректировки родился своеобразный плеоназм «космическое пространство».', 'bg-secondary'),
(4, 'culture', 'Культура', 'Культу́ра (от лат. cultura — возделывание, позднее — воспитание, образование, развитие, почитание) — понятие, имеющее огромное количество значений в различных областях человеческой жизнедеятельности. Культура является предметом изучения философии, культурологии, истории, социологии, искусствознания, лингвистики (этнолингвистики), политологии, этнологии, психологии, экономики, педагогики и др.\r\n\r\nВ основном, под культурой понимают человеческую деятельность в её самых разных проявлениях, включая все формы и способы человеческого самовыражения и самопознания, накопление человеком и социумом в целом навыков и умений. Культура предстаёт также проявлением человеческой субъективности и объективности (характера, компетентностей, навыков, умений и знаний).\r\n\r\nКультура представляет собой совокупность устойчивых форм человеческой деятельности, без которых она не может воспроизводиться, а значит — существовать.', 'bg-danger'),
(5, 'weather', 'Погода ', 'Пого́да — совокупность значений метеорологических элементов и атмосферных явлений, наблюдаемых в определённый момент времени в той или иной точке пространства. Понятие «Погода» относится к текущему состоянию атмосферы, в противоположность понятию «Климат», которое относится к среднему состоянию атмосферы за длительный период времени. Если нет уточнений, то под термином «Погода» понимают погоду на Земле. Погодные явления протекают в тропосфере (нижней части атмосферы) и в стратосфере — атмосферном слое, располагающемся на высоте примерно от 11 до 50 километров. Погоду можно описать давлением, температурой и влажностью воздуха, силой и направлением ветра, облачностью, атмосферными осадками, дальностью видимости, атмосферными явлениями (туманами, метелями, грозами) и другими метеорологическими элементами.\r\n', 'bg-info');

-- --------------------------------------------------------

--
-- Структура таблицы `comments`
--

CREATE TABLE `comments` (
  `id` int NOT NULL,
  `parent_id` int NOT NULL DEFAULT '0',
  `comment` text CHARACTER SET utf8mb4 COLLATE utf8mb4_general_ci NOT NULL,
  `news_id` int NOT NULL,
  `user_id` int NOT NULL,
  `add_date` timestamp NOT NULL DEFAULT CURRENT_TIMESTAMP
) ENGINE=InnoDB DEFAULT CHARSET=utf8mb4 COLLATE=utf8mb4_general_ci;

--
-- Дамп данных таблицы `comments`
--

INSERT INTO `comments` (`id`, `parent_id`, `comment`, `news_id`, `user_id`, `add_date`) VALUES
(1, 0, 'Прекрасная статья, лишние усложнения для понимания — я считаю понты. Еще раз. я считаю. Человек сразу обозначил для кого статья, и может я тупой, но именно это я и искал. Спасибо автору!', 1, 1, '2022-12-05 08:34:25'),
(2, 1, 'На самом деле это не так — как минимум nvarchar и identity будут не во всех СУБД.\r\nВыбран очень странный стиль написания имён объектов — где-то используется схема, где-то не используется. ИМХО, в «справочном» посте стиль должен быть унифицирован.\r\nПлюс, вы много где объявляете поле как nvarchar, а вставляете туда varchar — не надо так)', 1, 2, '2022-12-06 15:38:43'),
(3, 0, 'Там не только «звучит», там коннотация достаточно негативная.\r\nЭто для славян легко написать invalid\\invalide для людей (или как в одной истории про дизайнера — он сокращал button до butt, и в проекте у него были цвета с размерами, так что даже дошло до black_big_butt), но для англоязычных это слова и у них есть свой смысл.', 1, 1, '2022-12-06 08:48:33'),
(4, 0, 'Заявка на создание своего введения в реляционные БД для новичков имеет право на жизнь. Как говорится пока кому-нибудь не объяснишь, сам не поймешь. Написано конечно топорно, но не у каждого найдется сил и на это. Дальше только полировать.\r\nСвязи один-к-одному не такие уж и редкие. На больших объемах данных возникает необходимость в вертикальном секционировании для ускорения работы запросов.\r\nЕсли некий объект имеет множество атрибутов, часть из которых используется очень часто, а часть очень редко, целесообразно хранить их отдельно друг от друга, чтобы уменьшить расходы на чтение диска.\r\n«вторичный ключ» перекликается с «альтернативный ключ» — по этому это название плохо применимо для «foreign key» = «внешний ключ».', 1, 2, '2022-12-06 14:18:21');

-- --------------------------------------------------------

--
-- Структура таблицы `news`
--

CREATE TABLE `news` (
  `id` int NOT NULL,
  `title` varchar(255) CHARACTER SET utf8mb4 COLLATE utf8mb4_general_ci NOT NULL,
  `text` text CHARACTER SET utf8mb4 COLLATE utf8mb4_general_ci NOT NULL,
  `add_date` timestamp NOT NULL DEFAULT CURRENT_TIMESTAMP,
  `image` varchar(255) CHARACTER SET utf8mb4 COLLATE utf8mb4_general_ci NOT NULL,
  `author_id` int NOT NULL,
  `category_id` int NOT NULL
) ENGINE=InnoDB DEFAULT CHARSET=utf8mb4 COLLATE=utf8mb4_general_ci;

--
-- Дамп данных таблицы `news`
--

INSERT INTO `news` (`id`, `title`, `text`, `add_date`, `image`, `author_id`, `category_id`) VALUES
(1, 'Пиастри: Я рад наконец-то присоединиться к McLaren', 'День тестов в Абу-Даби стал началом полноценного сотрудничества Оскара Пиастри с командой McLaren; во вторник австралиец проехал по трассе Яс-Марина 123 круга или 650 км, а это больше, чем две дистанции Гран При.\r\n\r\nОскар Пиастри (14-й): «Неплохой первый день с McLaren – думаю, что мы многому научились. Здорово наконец-то присоединиться к этой команде, и спасибо ей за плодотворный день работы на трассе. Мы проехали немало кругов и проводили разные эксперименты – именно этому и был посвящён день.\r\n\r\nЯ получил вполне чёткое представление о том, в каких областях нужно добиваться улучшений, готовясь к предстоящему сезону. Мне всё понравилось, я рад вернуться за руль и получить опыт пилотирования машины 2022 года. На следующей неделе на базе в Уокинге я познакомлюсь со всей командой, после чего у меня будет короткий перерыв, а затем я вернусь к работе с McLaren и буду готовиться к 2023 году».\r\n\r\nЛандо Норрис (18-й): «Полезный день. Хорошо, что мы посвятили какое-то время работе с этими шинами, чтобы помочь Pirelli в процессе подготовки к следующему году, но мы тоже собрали важную информацию об их поведении на трассе.\r\n\r\nМы поработали вполне продуктивно, и теперь сезон завершён. Спасибо Pirelli и всей нашей команде за работу! Впереди зимнее межсезонье, когда мы будем готовиться к чемпионату 2023 года, прилагая все усилия, чтобы с самого начала чемпионата наши дела складывались удачно».\r\n\r\nАндреа Стелла, исполнительный директор McLaren Racing: «Это был продуктивный день тестов в Абу-Даби, нам удалось проделать большой объём важной работы. Прежде всего здорово, что Оскар сел за руль MCL36 – начался процесс его интеграции с McLaren.\r\n\r\nЕго главной задачей сегодня было проехать как можно больше кругов и начать адаптироваться к команде. Если говорить о Ландо, то ему полезно получить информацию о шинах Pirelli в преддверии 2023 года.\r\n\r\nОскар проехал 123 круга, Ландо – 115, и я благодарю гоночную бригаду, всех сотрудников базы в Уокинге, а также гонщиков за проделанную сегодня работу. Долгий сезон завершён, гоночная бригада возвращается в Технологический центр McLaren, после чего отправится на отдых, она это действительно заслуживает, и теперь надо восстановить силы, ведь они всем понадобятся в 2023 году».', '2022-11-21 18:20:19', '/template/images/news/piastri-mclaren.jpg', 1, 1),
(2, 'Сарджент: Рад отработать за рулём полноценный день тестов', 'На тестах в Абу-Даби в Williams работали с двумя гонщиками, которые в следующем сезоне будут защищать цвета команды – Алекс Элбон сел за руль в рамках шинных тестов, а дебютант Логан Сарджент в рамках молодёжных. Суммарно гонщики проехали 200 кругов, и в команде остались довольны проделанной работой.\r\n\r\nДэйв Робсон, главный инженер: «Мы провели очень продуктивный день, которым завершили сезон 2022 года. Обе машины работали безотказно, что позволило Алексу и Логану выполнить запланированные программы.\r\n\r\nАлекс тестировал шины, оценивая их при разной топливной нагрузке и температуре трассы. Логан получил первый опыт полноценного тестового дня в Формуле 1, и тоже оценил шины 2023 года. Мы смогли сделать с ним гораздо больше, чем в первой тренировке в рамках Гран При. Он отлично справился, что стало подготовкой к предсезонным тестам в следующем феврале.\r\n\r\nВремена на круге сегодня ничего не значили, поскольку каждый гонщик работал по своей программе. Однако было приятно видеть, что оба гонщика проехали много быстрых кругов на мягких составах. Логан отлично пилотировал и полностью заслужил, что его лучшее время практически такое же, как у Алекса».\r\n\r\nАлекс Элбон (6-й): «На сегодняшних тестах после завершения сезона мы смогли проехать большую дистанцию, и всё прошло по плану. Мы протестировали все составы для следующего года и собрали много информации, которую предстоит проанализировать зимой, чтобы понять отличия шин. На самом деле, отличия не такие и большие.\r\n\r\nНапряжённая работа начинается уже сегодня – мы должны приехать в Бахрейн максимально подготовленными. Я уверен, что собранная сегодня информация поможет нам в этом».\r\n\r\nЛоган Сарджент (7-й): «День прошёл хорошо. Мы сделали всё, что планировали и проехали все необходимые круги. К концу дня я чувствовал себя максимально комфортно за рулём. Было здорово отработать за рулём не одну тренировку, а целый день.\r\n\r\nМой сезон ещё не завершился – в ближайшие три месяца предстоит многое сделать, чтобы подготовиться к следующему сезону. Я буду много времени проводить в тренажёрном зале, на симуляторе и на базе в Гроуве, чтобы быть максимально готовым. Не могу дождаться возвращения на трассу на зимних тестах перед моим первым сезоном в Формуле 1».', '2022-11-22 18:21:55', '/template/images/news/sargent-williams.jpg', 2, 1),
(3, 'Шварцман: Мой темп был близок к темпу Шарля и Карлоса', 'Во вторник на тестах в Абу-Даби в составе Ferrari работали трое гонщиков. Шарль Леклер и Карлос Сайнс, возглавивший протокол, поделили между день, а Роберт Шварцман провёл за рулём полноценную тестовую сессию.\r\n\r\nРоберт Шварцман (3-й): «Мы провели позитивный тестовый день в Абу-Даби. Я проехал 116 кругов и многое сделал. Тестовая программа получилась достаточно насыщенной – я работал на коротких и длинных сериях, тренировал старты. Я чувствую, что неплохо прибавил по сравнению с пятничной тренировкой – мой темп был близок к темпу Шарля и Карлоса, что очень позитивно для меня. Всегда есть возможности прибавить, но я думаю, что мы показали очень хороший потенциал.\r\n\r\nВ целом, я доволен проделанной в этом году работой с командой на симуляторе в Маранелло. Настоящая машина по ощущениям очень похожа на виртуальную. Было здорово получить возможность пилотировать за команду – я получил удовольствие от сегодняшнего дня».', '2022-11-22 18:23:12', '/template/images/news/swartsman-ferrari.jpg', 3, 1),
(4, 'Ферстаппен: Тесты новых шин – лучше, чем ничего', 'На тестах в Абу-Даби в Red Bull Racing работали с тремя гонщиками, компанию основным пилотам составил участник молодёжной программы Лиам Лоусон…\r\n\r\nСерхио Перес: «Я хорошо отработал утреннюю программу, собрав информацию для инженеров, и доволен проделанной работой.\r\n\r\nНовые составы так же близки по характеристикам, как те, что мы использовали в это сезоне, но передние шины стали немного устойчивее к износу. В Абу-Даби мы тестируем резину при очень жаркой погоде, эта работа только начинается – нам ещё многое предстоит узнать и проанализировать».\r\n\r\nМакс Ферстаппен: «Мы завершили нашу программу, получив первое, базовое понимание работы шин. Хорошо получить возможность проехать несколько кругов на окончательных составах, которые мы будем использовать в 2023-м, но на каждой трассе шины ведут себя по-разному. Сейчас сложно судить об их характеристиках, но это лучше, чем ничего».\r\n\r\nЛиам Лоусон: «Такие дни очень важны. Тесты в Формуле 1 очень ограничены, время на трассе очень ценится, и я рад, что смог сесть за руль и помочь команде. Да и лично для меня это важно.\r\n\r\nМашины Формулы 1 уникальны, выступление в молодёжных сериях помогает подготовиться, но реальное время на трассе ничем не заменить.\r\n\r\nСегодня всё прошло хорошо. После целого дня за рулём я чувствую себя комфортно в машине и надеюсь, что в будущем у меня будет больше таких возможностей».', '2022-11-22 18:24:37', '/template/images/news/ferstappen-red-bull.jpg', 4, 1),
(5, 'Боттас: Машина работала отлично, мы узнали много нового', 'В Alfa Romeo довольны итогами тестов в Абу-Даби, и, по словам Валттери Боттаса, это день стал неплохим завершением сезона, по итогам которого команда из Хинвила заняла 6-е место в Кубке конструкторов.\r\n\r\nВалттери Боттас (16-й): «После гоночного уик-энда в Абу-Даби я проехал по трассе Яс-Марина ещё 129 кругов – неплохой результат! Сегодня мы уделяли основное внимание шинным тестам Pirelli, испытывая резину, предназначенную для следующего года, так что это был важный день в плане сбора ценной информации.\r\n\r\nМашина работала отлично, я проехал много кругов, мы узнали немало нового, никаких сложностей не было, и этот день можно считать хорошим завершением сезона!»\r\n\r\nТео Пуршер (24-й): «По ходу тестов надо было многое проверить, попытаться найти настройки, более правильные, чем использовала команда в дни гоночного уик-энда в Абу-Даби, а я открывал для себя Формулу 1, ведь у меня не такой уж большой опыт пилотирования этих машин.\r\n\r\nОщущения великолепные, сессия прошла хорошо, я проехал немало кругов, испытывая разные шины и разные варианты настроек. При этом я старался ехать всё быстрее, иногда подходил вплотную к пределу возможного, но главное, что машина при это не пострадала.\r\n\r\nВ общем, я очень доволен и просто старался получить удовольствие от каждого круга, так что всё отлично!»', '2022-11-22 18:25:55', '/template/images/news/bottas-alfa-romeo.jpg', 1, 1),
(6, 'Мартин Брандл об итогах Гран При Абу-Даби…', 'Бывший гонщик Формулы 1, комментатор Sky Sport F1 Мартин Брандл подвёл итоги Гран При Абу-Даби…\r\n\r\nПроисходящее во время уик-энда Формулы 1 в Абу-Даби было больше связано с событиями вне трассы, чем с самой гонкой. Все постоянно говорили, что это последний Гран При для Себастьяна Феттеля – мне было приятно видеть искреннюю любовь к немцу в паддоке.\r\n\r\nВозможно, самым ярким моментом уик-энда стал его уникальный ужин с другими гонщиками. Мне понравилась фотография в социальных сетях с 20-ю аккуратно расставленными стаканами с водой – это должно было говорить о том, что никто из них не выпил хотя бы пива или вина.\r\n\r\nЕсли вспомнить дни Себа в Red Bull, когда они с Уэббером вцеплялись друг другу в глотку, малазийский Multi 21, сход в Стамбуле, и его контакты с напарником Шарлем Леклером в Ferrari, Феттель не кажется таким уж святым. Он был таким же вздорным, эгоистичным и невыносимым, каким должен быть четырехкратный чемпион мира.\r\n\r\nКак и все мы, со временем он расслабился, но душой всегда был молод – с ним было приятно встречаться и брать интервью на протяжении этих 15 сезонов. Себ – классный гонщик и человек, поэтому все любят его и уважают. Мне больше всего вспоминается эпизод, когда он почувствовал себя обманутым из-за штрафа в конце Гран При Канады 2019 года – и передвинул указатели 1-го и 2-го места в закрытом парке. Классика!\r\n\r\nЯ помню эмоциональное интервью Фернандо Алонсо на стартовом поле в Абу-Даби в 2018-м, когда он прощался с Формулой 1, но сейчас у него контракт до конца 2024 года. В словах и действиях Себастьяна было больше уверенности в том, что он больше не вернётся.\r\n\r\nЭта гонка, по крайней мере на некоторое время, стала последней в Формуле 1 для Даниэля Риккардо, Мика Шумахера и Николаса Латифи. Дальше Даниэль будет работать с Red Bull, Мик, вероятно, найдет место в семье Mercedes. Я не знаю планов Николаса, хотя ходили слухи об IndyCar. Мы с радостью приветствуем в Формуле 1 Оскара Пиастри, Логана Сарджента, Ника де Вриза – и вернувшегося Нико Хюлкенберга.\r\n\r\nТрасса Яс-Марина выглядела как всегда потрясающе, но в квалификации команды тоже как всегда разобрались «по парам». Две машины Red Bull, две Ferrari, две Mercedes. Как и ожидалось, в гонке все зависело от контроля за износом шин, никаких внешних факторов, вроде автомобиля безопасности и крайне маловероятного дождя, не появилось.\r\n\r\nГонщики Red Bull вырвались вперед, и хотя Льюис Хэмилтон и Джордж Расселл были непривычно быстры для Mercedes этого года, порядок остался таким же, как в квалификации.\r\n\r\nХэмилтон подскочил на поребрике, пытаясь удержаться снаружи в борьбе с Сайнсом в шестом повороте, и оказался за пределами трассы. Стюарды не наказали Сайнса, а Хэмилтона попросили вернуть позицию, что он и сделал.\r\n\r\nПоследствием стало повреждение днища у Хэмилтона, которое частично удалось устранить во время его единственного пит-стопа. Механики отрегулировали угол атаки переднего антикрыла, чтобы улучшить аэродинамический баланс. Потом Льюис был очень быстр, пока не сошёл из-за первой в этом году механической поломки его машины. Она выдержала 22 Гран При, в том числе три уик-энда со спринтом. Впечатляет.\r\n\r\nНапряженная борьба McLaren, Alpine и Aston Martin добавила гонке необходимой остроты.\r\n\r\nКомментируя гонку, я сказал, что Макс Ферстаппен пилотирует в стиле Михаэля Шумахера. Мне показалось, что как бы медленно он не ехал, чтобы сохранить шины, он все равно отрывался от соперников.\r\n\r\nВ Ferrari утверждают, что обманули Red Bull, позвав Леклера на пит-стоп, чтобы опередить Переса, хотя они сразу планировали одну смену шин. Этот радиообмен спровоцировал пит-стоп Переса на 15-м круге – и переход на стратегию двух пит-стопов, а значит – ему нужно было догнать и обогнать Леклера, чтобы финишировать вторым и закончить сезон на втором месте в личном зачёте. В этой борьбе он проиграл с досадной разницей в 1,322 секунды, страдая из-за каждого отставшего на круг и блокировки тормозов.', '2022-11-22 18:27:43', '/template/images/news/brandl-abu-dabi.jpg', 2, 1),
(7, 'Алонсо: Меня многое приятно удивило в Aston Martin', 'Фернандо Алонсо отработал первую половину дня тестов в Абу-Даби, впервые опробовав машину Aston Martin. Испанский гонщик проехал 97 кругов, показал третье время, передал машину напарнику Лэнсу Строллу и поделился первыми впечатлениями с прессой.\r\n\r\nФернандо Алонсо: «Не хочу звучать слишком самоуверенно, ведь в следующем году всё изменится. Однако ощущения, которые я получил от общения с парнями в боксах, от потенциала команды, от талантов, которых я встретил в инженерной комнате, просто невероятные. Прямо сейчас я очень и очень счастлив.\r\n\r\nКогда я подписал контракт с Aston Martin, то был счастлив на 90%. Когда команда начала прибавлять и на подъёме завершила сезон, я стал на 100% счастлив, а сейчас я счастлив больше, чем на 100%.\r\n\r\nМеня многое приятно удивило, но нынешняя машина мало похожа на ту, которая у нас будет в следующем сезоне. Я имею в виду, что новая машина не будет продолжением нынешней.\r\n\r\nКоманда сильно провела уик-энд в Абу-Даби – Себастьян Феттель квалифицировался впереди меня, поэтому я не думаю, что в прошлый уик-энд между Aston Martin и Alpine была большая разница. По ощущениям, машина очень конкурентоспособная.\r\n\r\nВ поведении машины на трассе меня ничего не удивило. У меня были опасения по поводу рулевого управления – в первый год в Alpine мы почти пять месяцев работали над тем, чтобы меня устраивала обратная связь руля. Я предупреждал об этом команду несколько недель назад, поэтому когда сел за руль и понял, что меня устраивает рулевое управление Aston Martin, то был приятно удивлён. Нам не нужно ничего менять».', '2022-11-22 18:28:54', '/template/images/news/alonso-aston.jpg', 3, 1),
(8, 'Джордж Расселл: В конце туннеля уже виден свет', 'После завершения трудного сезона Джорджу Расселлу есть что вспомнить, ведь в 2022 году вместе с командой Mercedes он смог добиться значительного прогресса, занимаясь доводкой машины, что в итоге позволило ему выиграть гонку в Бразилии и опередить по очкам Льюиса Хэмилтона, своего знаменитого напарника.\r\n\r\nДжордж Расселл: «Мы должны получше запомнить всё позитивное, что было в этом сезоне, ведь вместе с командой мы проделали очень трудный путь. Разумеется, по стандартам Mercedes, 3-е место в Кубке конструкторов – недостаточно высокий результат, но в конце туннеля уже виден свет.\r\n\r\nВ зимнее межсезонье все в команде будут работать с максимальным напряжением сил, и будем надеяться, что уже на первом этапе чемпионата 2023 года в Бахрейне мы бросим вызов всем соперникам и сможем кое-кому испортить настроение.\r\n\r\nМне повезло, что я оказался в этой команде, что у меня такой напарник, как Льюис Хэмилтон, у которого я многому учусь, который заставляет меня выкладываться до предела. Ведь минувший сезон всё-таки был по-своему замечательным: все мы, кто имеет отношение к Формуле 1, путешествовали по миру, гонщики пилотировали самые лучшие и самые быстрые машины на лучших автодромах мира, и хотя после завершения сезона мы почти без сил, нам всё-таки есть что вспомнить».', '2022-11-22 18:30:04', '/template/images/news/russel-mersedes.jpg', 4, 1),
(9, 'BBC Sport: В 2023-м Гран При Китая не состоится', 'Гран При Китая включён в календарь Формулы 1 2023 года, но не так давно руководитель чемпионата Стефано Доменикали озвучил опасения, что гонка, запланированная на 16 апреля 2023 года, может не состояться из-за коронавирусных ограничений в стране. Сегодня появилось сообщение BBC Sport, что китайский этап чемпионата будет отменён.\r\n\r\nПричиной отмены Гран При называются действия китайских властей, которые придерживаются политики «нулевой толерантности» к коронавирусу. Ключевым камнем преткновения является тот факт, что персонал Формулы 1 не будет освобождён от карантинных требований в случае заражения Covid-19. Актуальные правила в Китае требуют, чтобы любой человек, у которого обнаружен коронавирус, провел пять дней в специальном изоляторе плюс три дня в изоляции дома.\r\n\r\nВ Формуле 1 считают, что не могут просить команды проводить Гран При в стране, в которой  сохраняется риск того, что ключевые сотрудники не смогут покинуть город сразу после завершения этапа, если они заразятся Covid-19.\r\n\r\nОфициально решение об отмене Гран При Китая 2023 года пока не принято, но оно считается неизбежным. В Формуле 1 отказались от комментариев.', '2022-11-22 18:31:27', '/template/images/news/china-gp-2023.jpg', 1, 1),
(10, 'Жене: Тесты важнее для тех команд, где меняется состав', 'Марк Жене, много лет сотрудничающий с Ferrari в качестве тест-пилота и посла легендарной итальянской марки, принимая участие в подкасте F1 Nation, вкратце подвёл итоги сезона и сказал несколько слов о тестах, которые сегодня проходят в Абу-Даби.\r\n\r\nМарк Жене: «После финальной гонки сезона у всех в Ferrari отличное настроение. Мы знали, что опережаем Mercedes в Кубке конструкторов, но всё-равно надо было довести дело до конца, и команда с этим справилась. Шарль Леклер прекрасно провёл гонку, вся команда действовала идеально, отлично проводила пит-стопы и реализовала эффективную тактическую схему.\r\n\r\nЯ понимаю, что потом никто не будет вспоминать, кто там финишировал вторым, но этот результат поднимет боевой дух у всех, кто трудится на базе в Маранелло. У людей короткая память, но то, что произошло в последней гонке, всё-таки запоминается, и верьте мне – для нас этот результат очень важен. В Абу-Даби мы соперничали с Red Bull Racing, и нам удалось опередить одну из их машин, а это уже неплохое достижение.\r\n\r\nВ этом году мы допускали ошибки, и прежде всего не смогли добиться необходимой надёжности техники, но мы это понимаем. Но сначала мы хотели добиться высоких скоростей, а уж затем поработать над надёжностью. И во второй половине сезона наши машины действительно стали более надёжными.\r\n\r\nКонечно, были и просчёты в области стратегии, даже гонщики иногда делали ошибки, но, по-моему, финальная гонка сезона показала, что идеально выполнять поставленные задачи мы тоже умеем. Мы извлекли необходимые уроки и сейчас подтвердили, что можем показывать высокие результаты.\r\n\r\nТесты, которые проходят на автодроме Яс-Марина во вторник, для нас не слишком важны. Они важнее для тех команд, где меняется состав, и новые гонщики впервые знакомятся с машинами – например, Фернандо Алонсо, перешедший в Aston Martin. Впрочем, конечно, мы тоже должны лишний раз поработать с новой резиной и проверить, как она может влиять на баланс шасси. В процессе подготовки к 2023 году это станет полезным опытом».', '2022-11-22 18:32:39', '/template/images/news/jane-ferrari.jpg', 2, 1),
(11, 'Нико Хюлкенберг: В Майами я понял, что хочу вернуться', 'Во вторник Нико Хюлкенберг вернулся за руль Формулы 1 на тестах в Абу-Даби. Накануне гонщик Haas дал подробное интервью немецкому Auto Motor und Sport, в котором рассказал о трёхлетней паузе в карьере, возвращении за руль и ожиданиях от команды в 2023 году.\r\n\r\nВопрос: Вы вновь стали гонщиком Формулы 1. Что вы чувствуете?\r\nНико Хюлкенберг: Я испытываю приятные и знакомые эмоции – я счастлив.\r\n\r\nВопрос: За последние три года были моменты, когда вам казалось, что Формула 1 бесконечно далека?\r\nНико Хюлкенберг: Конечно, так было всегда, даже в этом году. В середине сезона у меня не было шансов на контракт. Я провёл две первые гонки за Aston Martin, но после шансов так и не появилось. Я не думал о возвращении, поскольку такой возможности просто не было, но внезапно шанс появился.\r\n\r\nВопрос: Когда вы поняли, что есть шанс вернуться?\r\nНико Хюлкенберг: После летнего перерыва.\r\n\r\nВопрос: Вы регулярно приезжали на трассу и со стороны смотрели на работу коллег-гонщиков. Насколько это было тяжело?\r\nНико Хюлкенберг: На самом деле, было не особо сложно. Очевидно, что я испытывал меньший прессинг, чем другие гонщики, но когда видел, как они пилотировали, у меня возникало ощущение, что я мог бы добиться большего в подобной ситуации. С этим уже было сложнее смириться, но всё изменится в следующем году.\r\n\r\nВопрос: Насколько важными оказались те пять этапов Формулы 1, в которых вы заменяли других гонщиков?\r\nНико Хюлкенберг: Очень важными. Не знаю, смог бы я вернуться без этих гонок. Когда вы выходите на старт, то руководители команд вас запоминают.\r\n\r\nВопрос: Насколько сложно было возвращаться за руль и в кратчайшие сроки показывать результат?\r\nНико Хюлкенберг: Совсем не просто, но нужно действовать по ситуации. Меня к этому готовили с самого детства. Я мог опираться на сочетание таланта и многолетнего опыта в Формуле 1. Даже если вы плохо знакомы с машиной, то всё равно должны выжать из неё максимум. В те моменты я больше приобретал, чем терял, ведь ожидания были не слишком высокими.\r\n\r\nВопрос: Какая из этих пяти гонок вам запомнилась больше всего?\r\nНико Хюлкенберг: Этап на Нюрбургринге в 2020-м. В десять часов утра я вместе с другом пил кофе в Кёльне, когда неожиданно позвонил Отмар Сафнауэр – он сказал, что я ему нужен и повесил трубку. Я тогда сказал приятелю: «Да он шутит». Через три минуты Отмар снова позвонил: «Ты меня понял? Немедленно приезжай на Нюрбургринг».\r\n\r\nЯ помчался к машине и побил все рекорды от Кёльна до Нюрбургринга. Это была жаркая поездка. Я появился на трассе за два часа до начала квалификации, показал последнее время, но всё же заработал очки. Конечно, у Racing Point была хорошая машина. Я получил довольно напряжённый опыт.\r\n\r\nВопрос: Как вы отреагировали на собственную отставку в конце 2019-го?\r\nНико Хюлкенберг: В определённой степени так и было задумано. Настроение в команде с середины 2019-го было достаточно негативным. Я был морально истощён и знал, что должен взять паузу на какое-то время. Кажется, что два-три месяца зимнего перерыва – это много, но на самом деле нет.\r\n\r\nОтставка позволила мне полностью отойти от Формулы 1, переосмыслить некоторые вещи. Перспективы изменились, и это мне очень помогло, даже зная, что пути назад может и не быть.\r\n\r\nВопрос: Вам было тяжело смотреть гонки по телевизору?\r\nНико Хюлкенберг: Я очень расслабленный телезритель, который время от времени просматривает ключевые моменты. Но не более того.\r\n\r\nВопрос: Если не считать участия в пяти Гран При, то вы практически нигде не гонялись. Это было сделано намеренно?\r\nНико Хюлкенберг: Я вообще не участвовал в гонках и сделал это специально. Не было какой-то серии, которая меня действительно привлекала.\r\n\r\nВопрос: В какой момент вы поняли, что хотите вернуться?\r\nНико Хюлкенберг: Во время гонки в Майами. Это было масштабное событие – трасса, машины, атмосфера вызвали у меня желание. С тех пор я хотел вернуться и гоняться, и желание со временем только усиливалось.\r\n\r\nВопрос: Что вы ждёте от тестов с Haas в Абу-Даби?\r\nНико Хюлкенберг: Я хочу почувствовать машину, ощутить Формулу 1 и проехать дистанцию. Для меня это дополнительный день тестов. В следующем году до гонки в Бахрейне у каждого будет всего полтора дня работы на трассе, поэтому важен каждый круг, чтобы заново привыкнуть к процессам и процедурам, познакомиться с новой командой и определить вещи в машине, которые можно улучшить.\r\n\r\nВопрос: Вы подписали контракт во вторник перед Гран При Абу-Даби?\r\nНико Хюлкенберг: Что-то вроде того. Я был в Дубае, Гюнтер Штайнер в Абу-Даби. Мы использовали электронную почту для связи.\r\n\r\nВопрос: К вам уже вернулась спортивная форма?\r\nНико Хюлкенберг: Нет, мне нужно ещё сбросить два килограмма.\r\n\r\nВопрос: Что вы ответите скептикам, которые говорят, что команда зря поменяла 23-летнего гонщика на 35-летнего, который почти три года не участвовал в гонках. Это оказывает на вас прессинг?\r\nНико Хюлкенберг: Вовсе нет. Прессинг – результат ваших собственных ожиданий. Я не чувствую никакого прессинга, мне не придётся делать что-то особенное. Конечно, я понимаю, что тема достаточно эмоциональная, ведь речь идёт о двух немецких гонщиках, но мы все в Формуле 1 боремся за свою карьеру.\r\n\r\nВ конце концов, команда решает, кто будет пилотировать машину. Обычно приглашают гонщиков, которых считают лучшим вариантом для команды. Это не моё решение. Насколько я могу судить, всё было честно. В Haas дали Мику достаточно времени, чтобы проявить себя, и только после приняли решение. В любом случае, мой возраст не должен стать проблемой.\r\n\r\nВопрос: Каковы ваши ожидания от следующего сезона?\r\nНико Хюлкенберг: Сейчас нет особого смысла спекулировать. Всё зависит от того, насколько быстрой окажется машина. Мне определенно понадобится какое-то время, чтобы освоиться, прежде чем я смогу демонстрировать максимум своих возможностей. Мне важно, чтобы каждый уик-энд мы выжимали максимум.\r\n\r\nВопрос: Вы сможете обеспечить команде необходимую стабильность?\r\nНико Хюлкенберг: От каждого гонщика требуется стабильность. Если вы посмотрите мою статистику, то увидите, что я всегда был довольно стабильным.\r\n\r\nВопрос: Раньше вы не особо ладили с Кевином Магнуссеном. Какие сейчас у вас отношения с напарником?\r\nНико Хюлкенберг: В начале этого года в Бахрейне нам удалось растопить тот лёд, когда я поздоровался с ним в тех же самых выражениях, которые он произнёс тогда в 2017 году. Перед гонкой в Джидде мы виделись в аэропорту и поболтали. С тех пор всё хорошо. Мы оба посмеялись над той историей, и у меня нет опасений, что у нас могут возникнуть проблемы.\r\n\r\nВопрос: Вы рассматривали участие в Ле-Мане, если бы не получилось вернуться в Формулу 1?\r\nНико Хюлкенберг: Формула 1 – лучший вид автоспорта. Ле-Ман привлекает многих автопроизводителей, но мне больше всего нравится одноместная Формула 1, а не гонки на выносливость. Именно поэтому гонки на выносливость никогда не были в моей повестке дня.', '2022-11-22 18:34:14', '/template/images/news/hulk-haas.jpg', 3, 1),
(12, 'Бинотто: Повышение надёжности – задача номер один', 'В Ferrari признали, что в 2022 году были вынуждены понизить уровнь мощности силовых установок, что стало следствием череды технических проблем, проявившихся в первой половине чемпионата. Поэтому приоритенная задача на зимнее межсезонье – это работа по повышению надёжности.\r\n\r\nНачиная с майского Гран При Испании, где Шарль Леклер лидировал, но вынужден был сойти с дистанции, и до июльского Гран При Австрии, где машина Карлоса Сайнса загорелась, было три отказа двигателей в шести гонках.\r\n\r\nНапример, в Баку Леклер боролся за лидерство, но на 20-м круге на его F1-75 взорвался очередной мотор, из-за чего на следующем этапе в Канаде Шарль стартовал из последнего ряда, поскольку выделенные ему на весь сезон силовые установки уже закончились, хотя это был лишь девятый этап чемпионата.\r\n\r\nФизические размеры турбины на двигателях Ferrari меньше, чем на моторах Mercedes и Honda (которые официально именуются RBPTH001), и, по мнению экспертов, это позволяет добиться более высоких динамических характеристик, однако, чтобы обеспечить нужный уровень мощности, этот узел должен работать на более высоких оборотах.\r\n\r\nМаттиа Бинотто, руководитель итальянской команды, признал, что во время мексиканского уик-энда им пришлось снижать обороты турбины, поскольку автодром в Мехико расположен высоко над уровнем моря, и воздух там менее плотный, поэтому двигатели работают с повышенной нагрузкой. В результате машины Скудерии заметно уступали по темпу основным соперникам, и Карлос Сайнс с Шарлем Леклером вынуждены были довольствоваться 5-м и 6-м местами.\r\n\r\nДаже в Абу-Даби мощность двигателей пришлось несколько понизить в качестве меры предосторожности, поэтому Бинотто, говоря о задачах на зимнее межсезонье, в качестве одного из приоритетов назвал именно работу по повышению надёжности двигателей.\r\n\r\n«Это задача номер один, ведь чтобы бороться за победы, необходимо добиться надёжности, а в этом сезоне её нам не хватало, что сказалось на его итогах, – приводит слова Бинотто издание The Race. – Вторая задача – повышение скорости машины, ведь хотя мы были очень быстрыми в квалификациях, в гонках нам иногда не хватало темпа, в том числе это было связано с высоким уровнем деградации, и мы не могли бороться за более высокие позиции.\r\n\r\nЕсли вам удаётся построить быструю и надёжную машину, то даже когда вы допускаете ошибки в выборе тактики или на пит-стопах, вы всегда можете это компенсировать за счёт скорости. Именно на это должны быть направлены наши усилия».\r\n\r\nРанее Маттиа Бинотто признавал, что в Ferrari свернули программу модернизации машины F1-75 довольно рано, тогда как в Mercedes и Red Bull продолжали работать над техническими новинками. В Маранелло надеются, что это даст команде возможность лучше подготовиться к следующему сезону.', '2022-11-22 18:35:43', '/template/images/news/binotto-ferrari.jpg', 4 ,1),
(13, 'Исследователи оценили влияние толпы на решения футбольных судей', '«Судью на мыло!» — кричат взбудораженные болельщики, порой даже не подозревая, какое давление оказывают на якобы беспристрастных рефери. И когда пандемия загнала футбольных фанатов по домам, удивительным образом повысилось число красных и желтых карточек, выдаваемых команде-хозяину во время домашних матчей.\r\n\r\nХорошо известно, что во время домашних матчей — тех, что команда проводит в своем городе и на своем футбольном поле, — футболисты обычно демонстрируют лучшие результаты, чем во время выездных игр. В определенной степени это связано с привычной обстановкой и отсутствием необходимости куда-либо лететь или ехать, но теперь исследователи обнаружили еще одну возможную причину: обилие «своих» болельщиков.\r\n\r\nРазве что самые преданные фанаты решатся отправиться за своей командой в другой город или страну, и для большинства из них домашние матчи — единственная возможность поболеть за игроков. Помимо моральной поддержки скандирующая толпа на трибунах может повлиять и на решения судей, особенно когда речь заходит о выдаче желтых и красных карточек.\r\n\r\nЧтобы это доказать, британские исследователи подсчитали число штрафных карточек, выданных командам во время выездных и домашних матчей с 2010 по 2021 год. Особенно их интересовал сезон 2020/21 годов, когда из-за ограничений, связанных с коронавирусной пандемией, болельщики не могли присутствовать на матчах команд.\r\n\r\nОказалось, что во всех четырех ведущих профессиональных лигах Англии в течение 2010-2019 годов судьи во время домашних матчей выдавали больше желтых и красных карточек командам гостей, а в сезоне-2020/21 количество штрафных карточек у гостей и хозяев матчей было примерно одинаковым. Эта тенденция отличалась у разных судей, и авторы предполагают, что опыт и специальные тренировки понижают восприимчивость рефери к действиям толпы.\r\n\r\nАвторы подчеркивают, что для справедливого и беспристрастного судейства футбольным рефери могут потребоваться дополнительные тренировки, а также психологическая поддержка и дополнительные способы отслеживания нарушений.', '2022-11-26 14:07:02', '/template/images/news/kartochka-v-futbole.jpg', 1, 2),
(14, 'В Трансильвании нашли динозавра-карлика', 'Как среди современных животных-гигантов могут встречаться карликовые виды, так и в доисторической Европе жил динозавр, чьи ближайшие родственники вырастали до пяти-шести метров в длину, но сам он был размером с собачку. Ученые предполагают, что причина заключается в островной карликовости, ведь 70 миллионов лет назад современная Румыния была лишь островом в мелководном море.\r\n\r\nВ позднем меловом периоде, около 70 миллионов лет назад, Европа была представлена группой островов, расположенных в мелководном тропическом море. Не удивительно, что сухопутным динозаврам, ограниченным в пищевых ресурсах, пришлось значительно уменьшиться в размерах, как это сделали другие известные животные-карлики — сицилийские слоны и кипрские бегемоты.\r\n\r\nОдним из классических примеров островной карликовости того времени служит фауна острова Хацег, на котором гигантские птерозавры (эти летающие ящеры не были ограничены одним островом, что позволило им сохранить «классические» размеры) обитали бок о бок с карликовыми динозаврами. Теперь к миниатюрным мадьярозаврам, размером с пони, и небольшим телматозаврам, выраставшим не больше коровы, добавился новый вид динозавра, что был не больше собаки.\r\n\r\nНовый вид, описанный международной группой палеонтологов, принадлежит к семейству рабдодонтид, и его ближайшие родственники во Франции достигали шести метров в длину, но сам он вырастал только до двух. Динозавра назвали трансильванозавром (Transylvanosaurus platycephalus), потому что его фрагментированные окаменелости нашли именно в Трансильвании, на «родине» стокеровского Дракулы.\r\n\r\nПравда, в отличие от легендарного вампира, трансильванозавр был абсолютно мирным растительноядным животным, «оленем» мелового периода. Поскольку ранние представители рабдодонтид жили в Восточной Европе, предкам трансильванозавра пришлось сначала дойти до Западной Европы по временным мостам (они возникали из-за колебаний уровня моря и движений тектонических плит), а потом вернуться в Румынию. Вполне возможно, что часть этого пути животные преодолели вплавь — ведь динозавры неплохо держались на воде.\r\n\r\nВпрочем, вода могла сыграть в жизни этого динозавра далеко не лучшую роль: его кости были обнаружены на дне древней реки, так что вполне возможно, что трансильванозавр утонул и был похоронен в речных отложениях. Благодаря этому сохранилась часть его черепа, и в конце концов воды новой реки обнажили кости, чтобы палеонтологи смогли их обнаружить.', '2022-11-26 14:10:41', '/template/images/news/transylvanosaurus-platycephalus.jpg', 2, 2),
(15, 'Окаменелость возрастом 525 миллионов лет опровергла теорию эволюции мозга', 'Окаменелость крошечного морского червя, жившего 525 миллионов лет назад, разрешила вековой спор об эволюции мозга членистоногих. Исследование показало, что мозг первых членистоногих не был сегментирован, а нервная система головы и туловища эволюционировала независимо.\r\n\r\nУченые из Университета Аризоны (США) предоставили первое подробное описание червеподобного существа Cardiodictyon catenulum, жившего около 525 миллионов лет назад. Его останки отлично сохранились в скалах южной китайской провинции Юньнань.\r\n\r\nВыяснилось, что окаменелость длиной менее полутора сантиметров, впервые обнаруженная в 1984 году, все это время скрывала хорошо сохранившуюся нервную систему. Мозг C. catenulum оказался самым древним окаменелым мозгом и помог разрешить споры об эволюции нервной системы членистоногих. Результат исследования опубликованы в журнале Science.\r\n\r\nC. catenulum принадлежал к вымершей группе бронированных лобопод (Scleronychophora), многочисленной в начале кембрия. Эти животные передвигались по морскому дну с помощью нескольких пар мягких коротких ног, лишенных суставов. Их ближайшие ныне живущие родственники — онихофоры, или бархатные черви, обитающие в Австралии, Новой Зеландии и Южной Америке.\r\n\r\nC. catenulum имел сегментированное туловище, каждая часть которого содержала ганглии — нервные узлы. Однако в его головном мозге отсутствовали какие-либо признаки сегментации. Это открытие стало совершенно неожиданным для ученых, так как головы и мозги современных членистоногих и некоторых их предков на протяжении долго времени считались только сегментированными.\r\n\r\nПо мнению авторов работы, их находка сможет разрешить долгие споры о происхождении и строении головы у членистоногих. Ведь с 1880-х годов биологи отмечали сегментированный вид туловища членистоногих и экстраполировали это на голову. Исследование C. catenulum показало, что головы первых членистоногих не были сегментированы, как и их мозг. Таким образом, мозг и нервная система туловища, вероятно, развивались отдельно.\r\n\r\nИсследователи также сравнили мозг C. catenulum с мозгом известных ископаемых и живых членистоногих, включая пауков и многоножек. Сочетание подробных анатомических исследований окаменелости и анализа паттернов экспрессии генов показало, что общий план организации мозга членистоногих сохранялся с кембрия до наших дней.\r\n\r\nУченые отметили, что принципы, описанные в этом исследовании, вероятно, применимы и к другим животным, помимо членистоногих и их ближайших родственников. Это имеет важное значение для сравнения нервной системы членистоногих с нервной системой позвоночных, в которой передний и средний мозг генетически и эволюционно отличаются от спинного мозга.', '2022-11-26 14:13:58', '/template/images/news/Low-Res_Head-with-brain-shown-as-magenta-deposits.png', 3, 2),
(16, 'Ученые Петербургского Политеха первыми в мире обнаружили новый эффект в стеклах', 'Исследователи Научного центра мирового уровня «Передовые цифровые технологии» Санкт-Петербургского политехнического университета Петра Великого впервые обнаружили оптический эффект, который в перспективе позволит снизить стоимость телекоммуникационного оборудования за счет замены дорогостоящих кристаллических элементов для управления световыми потоками на элементы из стекла.\r\n\r\nГруппа ученых научно-исследовательской лаборатории «Многофункциональные стеклообразные материалы» НЦМУ СПбПУ впервые опытным путем получила гигантское (в 15 раз) усиление сигнала второй оптической гармоники в поляризованных стеклах. Результаты исследования были опубликованы в научном журнале The Journal of Physical Chemistry Letters.\r\n\r\nПоявление второй оптической гармоники – это физическое явление, при котором кванты света, проходя через оптически нелинейные материалы, объединяются и образуют кванты с удвоенной энергией. Например, за счет генерации второй гармоники невидимое излучение инфракрасного лазера преобразуется в зеленый свет. Эти же материалы дают возможность управлять световыми лучами, прикладывая к материалу электрическое напряжение, то есть создавать электрооптические устройства.\r\n\r\nПоляризация стекол (обработка во внешнем электрическом поле) используется для модификации их механических и химических свойств, формирования микрооптических структур, дифракционных решеток, записи информации в стеклах, а также для придания стеклам оптически нелинейных свойств кристалла, в частности для генерации второй оптической гармоники.\r\n\r\nИсследователи СПбПУ впервые доказали, что дополнительная холодная поляризация натриево-силикатного стекла при комнатной температуре приводит к увеличению интенсивности второй гармоники более чем на порядок. После дополнительной холодной поляризации нелинейные свойства стекла приближаются к нелинейным свойствам кристаллического ниобата лития, который широко используется на рынке телекоммуникаций, например, в оптических переключателях и модуляторах, оптико-волоконных системах связи.\r\n\r\nПолученные результаты носят как фундаментальный, так и прикладной характер. Так, натриево-силикатные стекла, в которых наблюдается этот эффект, стоят гораздо дешевле кристаллического ниобата лития и других кристаллов, что обусловливает коммерческую привлекательность таких стекол как нелинейных оптических материалов в интегрально-оптических удвоителях частоты, а также электрооптических модуляторах, которые полностью интегрированы в оптические волокна или оптические волноводы на основе стекла.\r\n\r\n«Полученный фундаментальный результат – это новый взгляд на природу оптической нелинейности в поляризованных щелочесодержащих стеклах. Примечательно, что процесс холодной поляризации можно повторять многократно. После релаксации нелинейности, которая неизбежно происходит через какое-то время, можно повторить холодную поляризацию, чтобы восстановить усиление нелинейного оптического сигнала. В наших экспериментах мы провели пять последовательных циклов «релаксация-холодная поляризация» и даже после последнего цикла наблюдали усиление нелинейного сигнала на уровне примерно 50 процентов по сравнению с первым циклом», – прокомментировала результаты исследования заведующая лабораторией «Многофункциональные стеклообразные материалы» НЦМУ СПбПУ, доктор физико-математических наук Валентина Журихина.\r\n\r\nВ дальнейшем ученые лаборатории «Многофункциональные стеклообразные материалы» НЦМУ СПбПУ планируют продолжить исследования физики процесса холодной поляризации и зависимости величины полученного эффекта от режимов обработки стекол.\r\n\r\nНЦМУ «Передовые цифровые технологии» – консорциум из четырех организаций: Санкт-Петербургского политехнического университета Петра Великого (координатор консорциума), Санкт-Петербургского государственного морского технического университета, Тюменского государственного университета, НИИ гриппа имени А.А. Смородинцева Минздрава России. Программа исследований НЦМУ до 2025 года содержит 35 научных тематик по четырем направлениям: передовые цифровые технологии и технологии «умного» производства, искусственный интеллект; роботизированные системы; материалы нового поколения и аддитивные технологии. ', '2022-11-26 14:17:23', '/template/images/news/disc-277445_1920.jpg', 4, 2),
(17, 'Ученые взломали секретный шифр Карла V', 'Карл V, император Священной Римской империи и король Испании, был одним из самых могущественных людей XVI века. Ученым потребовалось полгода, чтобы расшифровать его письмо, в 1547 году отправленное послу во Франции и раскрывавшее напряженные отношения между двумя государствами.\r\n\r\nКарл V, император Священной Римской империи и король Испании, правил более 40 лет и был крупнейшей политической фигурой своего времени — его владения занимали обширные территории в Западной Европе и Америке. Естественно, у такого человека было множество врагов. В частности, с Францией и ее королем Франциском I у правителя Священной Римской империи сложились довольно напряженные отношения.\r\n\r\nВ 1547 году Карл V направил своему послу во Франции, Жану де Сен-Морису (Jean de Saint-Mauris), загадочное письмо, которое на протяжении пяти столетий никто не мог прочитать. Веками письмо томилось забытым в библиотечных архивах в Нанси (Франция), пока исследовательница Сесиль Пьеро (Cécile Pierrot) случайно не услышала о его существовании и не приступила к расшифровке.\r\n\r\nВ процессе кропотливой компьютерной обработки документа Пьеро постепенно смогла взломать шифр, состоящий более чем из сотни символов. Некоторые обозначали целые слова, другие означали конкретные гласные, а третьи были бессмысленными — император добавил их, чтобы ввести потенциального противника в заблуждение при попытке расшифровать письмо.\r\n\r\nПрорыв произошел в июне этого года, когда была прочитана целая фраза, после чего расшифровка оставшейся части письма стала делом времени. Оказалось, что несмотря на подписанный тремя годами ранее мирный договор, отношения между Карлом V и Франциском I оставляли желать лучшего, и в письме император выражал обеспокоенность слухами о готовящемся против него заговоре. \r\n\r\nКак сообщает информационный ресурс France24.com, теперь ученые собираются расшифровать и другие письма Карла V, что позволит оценить его политический вклад в развитие Европы. Помимо исторической ценности, такие исследования можно расценивать как увлекательное приключение, раскрывающее подводные течения в европейской политике XVI столетия и ход мыслей одного из величайших правителей своего времени.', '2022-11-26 14:19:47', '/template/images/news/a09d8819-2dac-4c37-9795-0d09c065fd21.jpg', 1, 2),
(18, 'Большая часть Европы нагревается в два раза быстрее, чем планета в среднем', 'Оказалось, потепление в летние месяцы в Европе происходит в два разе быстрее, чем в среднем по миру. В результате антропогенных выбросов парниковых газов климат на всем континенте также стал более сухим, особенно в южной части Европы, что привело к росту риска пожаров.\r\n\r\nПо данным Межправительственной группы экспертов по изменению климата (МГЭИК), потепление над сушей происходит значительно быстрее, чем над океанами. Глобальный эмиссионный бюджет парниковых газов, необходимый для того, чтобы не допустить потепления на суше на полтора градуса, уже израсходован.\r\n\r\nТеперь ученые из Стокгольмского университета (Швеция) рассчитали, что эмиссионный бюджет для предотвращения потепления на два градуса над большей частью Европы в течение летнего полугодия также израсходован. Результаты их исследования опубликованы в журнале Journal of Geophysical Research Atmospheres.\r\n\r\nПо мнению авторов, на юге Европы потепление дополнительно усиливается из-за того, что климат становится суше, а испарение сокращается. То, что сейчас наблюдается в Южной Европе, соответствует прогнозу МГЭИК, согласно которому усиление воздействия человека на парниковый эффект приведет к тому, что засушливые районы на Земле станут еще более сухими.\r\n\r\nСжигание ископаемых провоцирует выброс как аэрозольных частиц, так и парниковых газов. Хотя их источник общий, влияние на климат различно. Поэтому ученые исследовали и эффекты аэрозольных частиц.\r\n\r\nПарниковые газы эффективно поглощают инфракрасное излучение, что приводит к потеплению, в частности, в нижних слоях атмосферы. Кроме того, парниковые газы надолго задерживаются в атмосфере, поэтому равномерно распределяются по всей планете. В отличие от них, аэрозольные частицы рассеивают часть солнечного света обратно в космос, вызывая охлаждающий эффект. Однако их срок жизни составляет всего около недели, так что они охлаждают климат локально в краткосрочной перспективе.\r\n\r\nПо мнению исследователей, быстрое потепление в Центральной и Восточной Европе — в первую очередь следствие выбросов долгоживущих парниковых газов, однако в это внесло вклад и сокращение выбросов аэрозольных частиц за последние четыре десятилетия. Совокупный эффект привел к экстремальному повышению температуры более чем на два градуса.\r\n\r\nАэрозольные частицы долгое время маскировали потепление во многих регионах, вызванное выбросами парниковых газов, так как кратковременно и локально охлаждали климат в среднем чуть более чем на градус. По мере того как концентрация аэрозолей в атмосфере снижалась, температура росла быстрее.', '2022-11-26 14:22:42', '/template/images/news/Low-Res_Kolkraftverk_original.png', 2, 2),
(19, 'Представлен концепт электрического суперкара без крыши и дверей', 'Компания GAC представила футуристический концепт электромобиля Barchetta, который  построен на углепластиковой платформе с интегрированной плоской батареей.\r\n\r\nКонцепт двухместного электрического суперкара не имеет крыши и лобового стекла, а сверхплоское шасси скрывает компактные батареи. Электромобиль напоминает гигантский мобильный телефон. Технических характеристик пока нет, потому пока можно наслаждаться только дизайном электромобиля.', '2022-11-26 14:28:12', '/template/images/news/gac-barchetta-electric-supercar-concept.jpg', 3, 2);
INSERT INTO `news` (`id`, `title`, `text`, `add_date`, `image`, `author_id`, `category_id`) VALUES
(20, 'Заражение паразитами делает изначально здоровых волков вожаками стаи', 'Также это повышает шансы на вовлечение волка в другие виды рискованной деятельности. Работа может иметь прикладное значение и для человеческих обществ, поскольку сходное влияние известно и для людей.\r\n\r\nВозбудитель токсоплазмоза Toxoplasma gondii — паразит из простейших, поражающий в том числе головной мозг — может заражать практически любое теплокровное существо. От множества других паразитов его отделяет как раз влияние на мозг: зараженные им организмы чаще принимают рискованные решения. Для паразита это хорошо, потому что после насильственной гибели его носителя он может распространиться (например, когда мозг мертвого хозяина кто-то съедает). В то же время для хозяина, по логике, это плохо.\r\n\r\nОднако новая работа в Communications Biology показала, что в некоторых случаях паразит помогает хозяину продвинуться по социальной лестнице. Исследование перекликается с более ранними и в чем-то похожими наблюдениями за людьми.\r\n\r\nИсследователи провели наблюдения за волками, живущими в Йеллоустонском заповеднике (США), на территориях, пересекающихся с ареалом пум. Эти кошачьи, как и многие другие, включая обычных кошек — предпочитаемые Toxoplasma gondii хозяева, отчего такое соседство ставит волков под угрозу инфицирования. Как и ожидалось, в тех частях заповедника, где плотность пум была выше, волки чаще страдали токсоплазмозом.\r\n\r\nКак отмечают авторы, токсоплазмоз в ранее здоровых особях часто ведет к росту уровня дофамина и тестостерона. Известно, что эти вещества серьезно влияют на поведение — и половое, и социальное.\r\n\r\nУченые попытались понять, как конкретно это влияние сказывается на популяциях диких млекопитающих. В результате выяснилось, что зараженные токсоплазмозом особи часто избирают две довольно рискованные для этого животного формы поведения — миграцию и попытки стать лидером стаи.\r\n\r\nМиграцией занимаются молодые члены стаи, желающие найти полового партнера за ее пределами. Точнее, такова обычная трактовка этого процесса, поскольку в ряде случаев миграция даже на большие расстояния (до тысяч километров) не заканчивается для волка созданием пары, из-за чего ее причины не всегда ясны.\r\n\r\nВолки — социальные животные, непросто переносящие долгое одиночество. Кроме того, вне стаи им проще погибнуть от рук людей или нападения других крупных хищников. Зимой им также тяжелее прокормиться.\r\n\r\nЕще больше рисков несет попытка стать вожаком. Дело в том, что хотя в норме вожак стаи не атакует других волков в ней, в случае появления другого претендента на лидерство он может проявляет к нему агрессию и может даже убить. Хотя это нечастое явление, как минимум в Йеллоустонском парке именно внутривидовые конфликты — самая массовая причина смерти волков. Гибель от людей (сбиты машиной, охота) занимает лишь второе место по числу летальных исходов, а травмы при охоте на крупных копытных — только третье.\r\n\r\nИзучение биообразцов волков показало, что среди особей, пораженных токсоплазмозом, вероятность стать «мигрантом» была в 11,69 раза выше, чем у здорового волка. В случае с вожаками стаи это соотношение было еще разительнее: у токсоплазмозника шансы на этот статус были в 46,06 раза выше, чем у неинфицированного животного.\r\n\r\nАвторы работы заключили, что рост уровня тестостерона у пораженных волков мог привести и к достижению ими более высокого социального статуса, и к их более высоким шансам быть выбранными самками во время полового отбора.\r\n\r\nУвеличение уровня рискованности поведения достигало таких серьезных величин, что инфицированные самки почти догнали неинфицированных самцов по этому показателю, чего в норме не происходит. Здоровые самцы становились «мигрантами» с вероятностью в 50% в среднем в течение 21 месяца, инфицированные — за шесть месяцев, здоровые самки — 48 месяцев, а самки с токсоплазмозом — всего за 30 месяцев.\r\n\r\nРанее российские исследователи установили, что примерно каждый четвертый москвич поражен токсоплазмозом. Такие люди попадают в ДТП почти вдвое чаще остальные и чаще предпринимают попытку суицида.\r\n\r\nСреди больных шизофренией в Москве токсоплазмозников примерно вдвое больше, чем среди здоровых людей, и, согласно научным данным, именно токсоплазмоз повышает вероятность шизофрении, а не наоборот, как думали раньше.\r\n\r\nИсходя из новой работы, возможно, имеет смысл провести сравнительное исследование того, как часто носители токсоплазмоза попадают в органы власти и бизнес, а затем сравнить их с остальным населением страны. Результаты могут иметь заметное практическое значение, тем боле что как минимум для Москвы частота заражения токсоплазмозом растет уже более полувека. На сегодня данные в этой области ограничены: известно лишь, что среди бизнесменов токсоплазмозников больше, чем среди обычных людей.\r\n\r\nНапомним, еще не так давно считалось, что токсоплазмоз не влияет на поведение людей и может привести к рискам для здоровья и жизни только в острой фазе. Обычно она коротка и представляет угрозу только для эмбрионов и лиц со сниженным иммунитетом.\r\n\r\nСейчас ясно, что после острой фазы токсоплазмоз сохраняется в организме человека неограниченно долго и влияет на поведение. К сожалению, эффективных средств лечения такой формы болезни нет, поэтому можно лишь пытаться предотвратить заражение, соблюдая очевидные правила пищевой и личной гигиены.', '2022-11-26 14:33:45', '/template/images/news/wolf1-test.jpg', 4, 2),
(21, 'Ученые нашли недостающее звено в эволюции тираннозавров', 'Палеонтологи обнаружили останки никогда ранее не встречавшегося дасплетозавра, который, возможно, был прямым предком Tyrannosaurus rex. Эта находка может разрешить серьезные споры об эволюционной родословной самого знаменитого динозавра.\r\n\r\nВ журнале Paleontology and Evolutionary Science опубликована работа палеонтологов из Университета штата Монтана и Музея динозавров Badlands в Северной Дакоте (оба — в США). Авторы рассказали, что во время раскопок с 2017 по 2021 год они обнаружили в формации Джудит-Ривер на северо-востоке американского штата Монтана новый вид хищного динозавра, которого назвали Daspletosaurus wilsoni.\r\n\r\nДасплетозавры относятся к подотряду теропод, которых иногда называют «хищными динозаврами», хотя на самом деле среди них встречались и растительноядные. Находок дасплетозавров очень мало, первая из них сделана в 1921 году в канадской провинции Альберта, но описана в научной литературе только в 1970-х. По современным представлениям, они жили на территории Северной Америки в позднем меловом периоде, 75-77 миллионов лет назад. Название этих очаровательных созданий примерно можно перевести как «грозная ящерица».\r\n\r\nПервого дасплетозавра назвали Daspletosaurus torosus, а в 2017 году в Монтане нашли похожего на него, но все же довольно сильно отличающегося Daspletosaurus horneri. Ученые предположили, что дасплетозавры были прямыми предками тираннозавров, и даже отнесли их к семейству тираннозаврид.\r\n\r\nПри этом многие исследователи расходятся во мнении, были ли тираннозавриды единой эволюционирующей линией (где один вид — предок другого) или это несколько близкородственных видов, которые не происходят друг от друга. Отсутствие достаточного количества окаменелостей хорошей сохранности только разжигало научные споры. Авторы новой работы полагают, что они эти споры завершили.\r\n\r\nНовый обнаруженный вид, Daspletosaurus wilsoni, имеет уникальное расположение шиповидных ороговевших наростов вокруг глаз. Его идентифицировали по частям окаменевшего черепа и фрагментам скелета, включая ребро и кость пальца ноги, которые датируются примерно 76,5 миллиона лет назад.\r\n\r\nИсследователи считают, что D. wilsoni был потомком Daspletosaurus torosus и предшественником Daspletosaurus horneri. Анатомия новонайденного животного подтверждает идею о том, что род дасплетозавров — предковый для могучего Ти-Рекса. Все три образца, найденные на сегодня, различаются между собой достаточно сильно, чтобы отнести их к разным видам. Но при этом имеют явное родовое сходство.\r\n\r\nПо мнению авторов работы, все они принадлежат к семейству Tyrannosauridae, которое включает девять родов, в том числе Tyrannosaurus. До сих пор родословная тираннозавров была сложна для разгадки, что затрудняло точное определение эволюционных связей между отдельными видами.\r\n\r\nНо открытие D. wilsoni позволяет предположить, что три дасплетозавра появились один за другим, как «последовательные лестничные ступени в одной эволюционной линии», а не ответвились друг от друга, как «эволюционные двоюродные братья», пишут исследователи.\r\n\r\nОни посчитали, что D. wilsoni — представитель переходного вида между D. torosus и D. horneri, поскольку он имеет ряд общих черт с более древними тираннозаврами: это наличие заметного набора ороговевших наростов вокруг глаз (хотя эти наросты и расположены немного иначе), а также некоторые особенности строения черепа.\r\n\r\nПо имеющимся образцам можно предположить, что дасплетозавры выглядели довольно устрашающе. Они были длиной в десять метров и высотой в районе бедер в два с половиной метра. Длина черепа — не менее одного метра.\r\n\r\nВо рту у «грозной ящерицы» помещалось (в случае D. wilsoni) более семи десятков зубов. К тому же зубы эти были крупнее, чем у любого другого хищника той эпохи. И если брать не абсолютные цифры, а размер зубов относительно размера тела, то даже крупнее, чем у T. rex. Как и Ти-Рекс, он перемещался на задних лапах, а передние конечности были очень короткими, хотя не такими короткими, как у тираннозавров.\r\n\r\nИсследователи считают, что D. wilsoni мог охотиться как на травоядных, так и на плотоядных современников, так как был самым серьезным хищником своей эпохи.', '2022-11-30 19:16:38', '/template/images/news/daspletosaurus-wilsoni01.jpeg', 1, 2),
(22, 'Чтобы справиться с глобальным потеплением, нужно удобрять океан', 'В борьбе с глобальным потеплением человечество ищет все новые способы удаления излишков углерода из атмосферы. На этот раз международная группа исследователей предложила «поставить на службу» одних из самых маленьких обитателей Земли — океанический фитопланктон.\r\n\r\nФитопланктон — фотосинтезирующая часть планктона, состоящая из одноклеточных растений и цианобактерий. Свободно перемещающийся в верхних слоях воды фитопланктон — основа океанической пищевой цепи и один из главных источников кислорода на нашей планете, в этом отношении превосходящий даже тропические леса. \r\n\r\nКолоссальная продуктивность фитопланктона давно привлекает внимание исследователей, планирующих использовать его в качестве источника биотоплива или пищи для растущего населения Земли. Однако, чтобы справиться с растущим глобальным потеплением, международная группа исследователей предложила использовать фитопланктон для удаления из атмосферы Земли излишков углекислого газа. \r\n\r\nКак и любые фотосинтезирующие организмы, фитопланктон поглощает углекислый газ из воздуха, чтобы использовать его для синтеза питательных веществ. Однако нынешнего количества фитопланктона недостаточно, чтобы задержать глобальное потепление, так что ученые предложили увеличить его количество, удобрив морскую воду наночастицами, которые вызовут бурный рост микроскопических водорослей и бактерий. \r\n\r\nРассеиваемые наночастицы можно будет спроектировать так, чтобы они наилучшим образом подходили для условий в нужной части океана. Например, их покрытие можно «настроить» таким образом, чтобы частицы прикреплялись к клеткам планктона (это позволит им оставаться в поверхностном слое воды), а состав менять в зависимости от потребностей доминирующей в этих водах формы фитопланктона: например, одним клеткам полезнее будет железосодержащее удобрение, другим — кремнийсодержащее.\r\n\r\nПоглощая углерод, фитопланктон будет накапливать его в своих организмах, а затем, погибая, эти клетки опустятся на морское дно и унесут с собой избыток углерода. Тот же процесс идет сейчас, только намного медленнее: все, что предлагают ученые, — немного его ускорить.  \r\n\r\nКлючевой момент здесь — соблюдение нужных концентраций, при которых наночастицы будут стимулировать рост фитопланктона, но не станут токсичными для морских экосистем — к примеру, за счет излишне бурного цветения воды, которое может привести к появлению «мертвых зон», насыщенных токсинами и практически лишенных кислорода. \r\n\r\nИсследование опубликовано в журнале Nature Nanotechnology.', '2022-11-30 19:19:31', '/template/images/news/Baltic-Sea-Bloom-August-2020-scaled-1-scaled.jpg', 2, 2),
(23, 'Японские ученые продемонстрировали дистанционное управление червями', 'Биологи внесли в ДНК червей гены, кодирующие светочувствительные белки. Это позволило управлять ими при помощи света, заставляя двигаться на зеленый сигнал и останавливаться на красный.\r\n\r\nМикроскопические роботы могли бы стать весьма полезными для разведки, обследования местности, мониторинга окружающей среды, поиска пострадавших при катастрофах. Однако «упаковать» все необходимое, включая двигатели, батареи, сенсоры, антенны и микросхемы, в тело размером хотя бы с насекомое, непросто. Впрочем, существует альтернативный подход: можно использовать самих насекомых, превращая их в управляемых киборгов. Чаще всего для этого пробуют модифицировать тараканов. Но вот ученые из Городского университета Осаки обратились к червям. Их статья опубликована в журнале PNAS.\r\n\r\nКоманды Мицумасы Коянаги (Mitsumasa Koyanagi) и Акихисы Теракиты (Akihisa Terakita) использовали нематод C. elegans — одни из самых популярных и глубоко изученных модельных организмов. Из ДНК комаров ученые выделили гены светочувствительного белка, опсина MosOpn3, а затем внесли их в ДНК червей. При этом новый ген экспрессировался не во всех клетках, а лишь в ноцицепторных нейронах, которые сигнализируют организму о повреждении или другом опасном воздействии. В ответ даже на слабое излучение MosOpn3 активировал ноцицепторы, заставляя нематод активно двигаться, стараясь избежать негативного стимула.\r\n\r\nАналогичную работу проделали и с белком LamPP, ген которого выделили из ДНК миног и заставили работать в моторных нейронах. Этот опсин позволил управлять нематодами за счет света разной длины волны. В ответ на появление фотонов зеленой части спектра животные двигались, а при облучении ультрафиолетом — останавливались на месте. Эксперименты показали, что такое можно проделывать множество раз и белковая система не деградирует со временем.\r\n\r\n«Оба опсина относятся к семейству рецепторов, сопряженных с G-белком, которые могут быть чувствительны к очень разным видам стимулов, включая запах, вкус, гормоны, нейротрансмиттеры», — отметил профессор Коянаги. По его словам, это позволит использовать такой же подход, если понадобится интегрировать в нематод другие белки, чтобы черви-киборги реагировали на другие виды раздражителей, помимо света.', '2022-11-30 19:26:00', '/template/images/news/elegans0.jpg', 3, 2),
(24, 'Французы представили прототип водородного кроссовера', 'Стартап NamX из Франции показал прототип водородного кроссовера HUV.  Новый автомобиль был разработал в сотрудничестве с итальянской дизайнерской компанией Pininfarina. Он оснащен запатентованной технологией, состоящей из фиксированного водородного бака и шести съемных топливных баллонов-капсул. \r\n\r\nВ продажу водородный кроссовер предположительно поступит в IV квартале 2025 года и будет доступен в двух версиях: заднеприводной 300-сильной и топовой 550-сильной со всеми ведущими колесами.\r\n\r\nСтоимость базовой комплектации HUV будет варьироваться от 65 000 до 95 000 евро (от 4 до 6 миллионов рублей).', '2022-11-30 19:30:08', '/template/images/news/image-416.png', 4, 2),
(25, 'В Анадыре проходит кинофестиваль «Золотой ворон»', '5 декабря в Анадыре состоится торжественная церемония открытия VI Арктического международного кинофестиваля «Золотой ворон». В программу войдут игровые, документальные и короткометражные работы со всего мира, а также кино, снятое в разных регионах России.\r\n\r\nВ международный конкурс полнометражных фильмов войдут 12 работ. Фестиваль представит картину «Беги, женщина, беги» канадской писательницы и режиссера, представительницы коренного племени хейлцук Зои Хопкинс; норвежскую комедию «Все ненавидят Йохана» Халлвара Ватсё; документальные фильмы «А ты — исландец?» Магнеи Бьёрк Валдимарсдоттир, «Жили двенадцать разбойников» Светланы Стасенко, «Огонь» Анны Яновской, «Свобода в квадрате» Анастасии Зверьковой и «Оторванные» Владимира Кривова. А также две якутские ленты — «Белый ангел тундры» Александра Лукина и «Не хороните меня без Ивана» Любови Борисовой.\r\n\r\nТакже зрители увидят режиссерский дебют Анастасии Нечаевой «Велга» с Ольгой Бодровой в главной роли, новую работу Натальи Назаровой «Плакать нельзя» со Светланой Чуйкиной, Владимиром Левченко и Иваном Янковским и трогательную драму Рината Махмудова «На выдохе» с Анастасией Самыловой, Иваном Логиновым, Еленой Подкаминской и Федором Лавровым.\r\n\r\nВ короткометражной секции будет представлено 15 документальных и 15 игровых картин: новая работа режиссера Ивана Соснина «Невесомость» с Марьяной Спивак и Алексеем Барабашем, фильм Максима и Евгении Арбугаевых «Выход», комедия Леонида Гардаша «Молодой» с Ольгой Тумайкиной, фильм Виктора Салимьянова «Убийца» с Владимиром Меньшовым и другие ленты. Впервые в этот конкурс попали лауреаты кастинг-платформы арт-кластера «Таврида» — «Клюква Сталина» Руслана Римовича и «На земле» Валентины Князьковой.\r\n\r\nТакже «Золотой ворон» представит специальную конкурсную программу региональных фильмов «Киновзлет!». В этом году в нее войдут 12 картин, в том числе работы участников весенней кинолаборатории «Чукотка.Doc».\r\n\r\nОбладателя Гран-при фестиваля выберут зрители, а остальные призы распределит жюри. Оценивать полнометражные фильмы будут казахстанский продюсер Анна Дармодехина; российский режиссер Ольга Стефанова; продюсер, режиссер и сценарист из Кыргызстана Таалайбек Кулмендеев; китайский издатель и медиаменеджер Му Пин; педагог и специалист по чукотскому языку и культуре Григорий Ранаврольтын. Председателем жюри станет российский актер, режиссер и продюсер Василий Мищенко. Лучшие короткометражные картины выберут актер Иван Соловьев, продюсер Татьяна Османская, оператор Владимир Политик, руководитель региональной общественной организации «Чычеткин вэтгав» («Родное слово») Виктория Кавры. Председателем этого жюри выступит президент Гильдии продюсеров Союза кинематографистов России Филипп Кудряшов.\r\n\r\nПодробнее о кинофестивале «Золотой ворон» читайте на официальном сайте.', '2022-12-08 10:20:45', '/template/images/news/screenbanner_1920x1080.png', 1, 4),
(26, 'В Санкт-Петербурге состоится Девятый симфонический марафон Сергея Стадлера', '4 декабря в Государственной академической капелле Санкт-Петербурга в девятый раз состоится Симфонический марафон Сергея Стадлера. Организаторами концерта выступят продюсерская компания «Петербург-концерт» и Симфонический оркестр Санкт-Петербурга под руководством народного артиста России, скрипача и дирижера Сергея Стадлера.\r\n\r\nКаждый год, по задумке организаторов, оркестр без солистов под управлением одного дирижера дает многочасовой концерт. Он посвящен творчеству какого-либо композитора или определенной идее, теме из истории музыки. Марафон этого года называется «Симфонии мистики и просветления». Его тема — исследование феномена музыки.\r\n\r\nМероприятие приурочено к 150-летию со дня рождения Александра Скрябина. Откроет марафон симфония «Хвала искусству», а завершит его Вторая симфония того же автора. На концерте также прозвучат произведения Густава Малера, Рихарда Вагнера, Сезара Франка, Рихарда Штрауса.\r\n\r\nВпервые марафон Сергея Стадлера прошел в 2014 году. С тех пор на концертах разных лет Симфонический оркестр Санкт-Петербурга исполнил все симфонии Иоганнеса Брамса, Вольфганга Амадея Моцарта, Петра Чайковского, Франца Шуберта, Роберта Шумана, 12 симфонических поэм Ференца Листа, 12 лондонских симфоний Йозефа Гайдна. А восьмичасовой концерт, который был посвящен наследию Людвига ван Бетховена, попал в Книгу рекордов России как «самый продолжительный симфонический концерт из произведений одного автора в исполнении одного оркестра под управлением одного дирижера».', '2022-12-08 10:23:44', '/template/images/news/spb-ninth-marathon.jpg', 2, 4),
(27, 'Форум «Наследие» откроется в столице 1 декабря', 'В течение двух дней эксперты из разных сфер будут обсуждать проблемы сохранения исторического наследия в городах России. В программе форума примут участие историки, социологи, урбанисты, реставраторы. Кроме того, студенты разных вузов страны защитят свои проекты по восстановлению исторических памятников.\r\n\r\n1 декабря, в день открытия форума, пройдет серия круглых столов, где представители власти, российских вузов, архитектурных и реставрационных бюро обсудят трудоустройство молодежи и сохранение архитектурного наследия, а также подведут итоги года 350-летия Петра I.\r\n\r\nВо второй день форума выступят студенты разных вузов с защитой своих проектов. 10 команд из московских вузов представят свои проекты по восстановлению усадьбы Виноградово. Победителей наградят дипломами и памятными призами, а лучшие идеи воплотят в реальном проекте. Кроме того, в форуме примут участие авторы лучших работ из Владимира, Самары и Воронежа. Также запланированы презентации книги «Усадебные ансамбли Москвы» и деловой игры «Отреставрируй Москву».\r\n\r\nГлава столичного департамента культурного наследия Алексей Емельянов рассказал: «Молодежный форум «Наследие» проводится в Москве уже в пятый раз, и мы можем видеть, что его аудитория продолжает неизменно расти. Если в 2018 году участие приняли 500 человек, то в прошлом году их количество преодолело отметку в 30 тысяч».\r\n\r\nВ этом году принять участие смогут все желающие. Вход для гостей бесплатный, но необходима регистрация на сайте. А для тех, кто не сможет посетить форум, пройдет онлайн-трансляция.', '2022-12-08 10:25:53', '/template/images/news/forum-nasledie.png', 3, 4),
(28, 'Музей Фаберже и VK Клипы запустили проект к юбилею ювелирного дома', 'анкт-петербургский Музей Фаберже создал специальную серию коротких видео для платформы VK Клипы. Цикл просветительских роликов можно посмотреть онлайн в социальной сети, по хештегу #Фаберже180, и в залах музея — для этого нужно сканировать специальные QR-коды.\r\n\r\nСерия клипов к 180-летию ювелирного дома Карла Фаберже рассказывает об истории этой фирмы и ее самых интересных изделиях. Специалисты музея отвечают на вопросы об авторе знаменитых пасхальных подарков: почему яйца Фаберже прославились на весь мир и сколько они стоят сейчас, какое количество яиц изготовил ювелирный дом для императорской семьи, что еще производила фирма. Сотрудники показали самые необычные предметы, выпущенные под маркой Фаберже. Также в клипах можно узнать интересные детали из биографии Карла Фаберже.\r\n\r\nМузей Фаберже — первый в России частный музей с коллекцией федерального значения. В здании дворца Нарышкиных-Шуваловых в Санкт-Петербурге собрано больше 4000 экспонатов: украшения, столовое серебро, предметы интерьера.\r\n\r\nВсю серию юбилейных роликов можно посмотреть на странице проекта и по хештегу #Фаберже180.', '2022-12-08 10:30:30', '/template/images/news/famous-easter-eggs-by-faberge-in-st-petersburg.jpg', 4, 4),
(29, 'В Шереметевском дворце пройдут лекции в рамках выставки «Любовь к трем апельсинам»', 'Санкт-Петербургский музей театрального и музыкального искусства представляет цикл лекций, приуроченный к выставке «Любовь к трем апельсинам. Венеция Казановы — Петербург Дягилева». В программу войдут пять лекций и два творческих вечера, которые пройдут в Шереметевском дворце с 26 ноября по 21 января.\r\n\r\nОткроет программу лекция киноведа Милы Двинятиной «Казанова в кино — от Феллини до Халльстрёма». Миф о Казанове, покорителе женских сердец, популярен и в кино. Кто и зачем, как и почему играет в этот миф, красив ли Казанова и важно ли это, как его образ расширяет представление мечтающих обывателей о Венеции, что он делал в Петербурге и нужен ли он нам в будущем — ответы на эти и другие вопросы узнают слушатели 26 ноября.\r\n\r\n30 ноября пройдет творческий вечер «Черный юмор Серебряного века». Артисты Романтического театра Юрия Томошевского реконструируют атмосферу литературно-артистического кабаре «Подвал Бродячей собаки» и вспомнят произведения Саши Черного, Надежды Тэффи, Аркадия Аверченко и других героев дягилевского круга.\r\n\r\n3 декабря искусствовед Алексей Лепорк прочитает лекцию «Петербург и Венеция: как искусство подменило правду», посвященную связи двух городов. В программу творческого вечера «Образы дягилевского Петербурга», который состоится 11 декабря, войдут утонченные стихи Анны Ахматовой, Марины Цветаевой, Александра Блока, Николая Гумилева и других поэтов рубежа XIX и XX веков. Также 24 декабря лекцию проведет Вячеслав Дубынин, доктор биологических наук, профессор кафедры физиологии человека и животных биологического факультета МГУ им. М.В. Ломоносова, специалист в области физиологии мозга.\r\n\r\n28 декабря пройдет лекция «XVIII век: Невероятные приключения русских в Италии». Доктор исторических наук Кирилл Назаренко расскажет, как русские навигаторы обучались кораблестроению в Венеции XVII — начала XVIII века.\r\n\r\nЗавершится образовательная программа 21 января. Кандидат филологических наук Анна Карлова проведет лекцию «Венецианское кружево», слушатели которой изучат витиеватую историю Венеции: от загадочных древних венетов до первых дожей, через средневековые распри, византийское владычество и противостояние турецкой экспансии к созданию уникальной общественно-политической системы и неоспоримому морскому господству, от стремительного экономического взлета до неотвратимого падения.', '2022-12-08 10:34:10', '/template/images/news/003-min.png', 1, 4),
(30, '1 декабря в Москве стартует рождественский фестиваль «Адвент»', 'С 1 по 25 декабря в Москве пройдет IX Международный рождественский фестиваль «Адвент», организованный фондом Collegium Musicum. В его концертную программу войдут сочинения известных композиторов: Феликса Мендельсона, Иоганна Себастьяна Баха, Клаудио Монтеверди и других. Все концерты состоятся в евангелическо-лютеранском соборе Святых Петра и Павла.\r\n\r\nВ торжественном открытии фестиваля 1 декабря примут участие Государственный академический симфонический оркестр России им. Е.Ф. Светланова и Государственный академический русский хор им. А.В. Свешникова. Под управлением Олега Романенко они исполнят «Реформационную симфонию» и симфонию-кантату «Lobgesang» («Хвалебный гимн») Феликса Мендельсона.\r\n\r\n4 декабря в рамках фестиваля пройдет органный вечер «Бах-гала». Органисты разных поколений исполнят на историческом органе собора музыку Иоганна Себастьяна Баха. Программу представят постоянные участники проектов Collegium Musicum — Федор Строганов, Даниэль Сальвадор и Александр Фисейский.\r\n\r\n11 декабря концерт даст ансамбль The Readers. В его программу войдут произведения итальянского Треченто — музыка Италии 1300-х годов. Музыканты ансамбля работают только с оригинальной нотацией и играют исключительно по манускриптам.\r\n\r\n15 декабря ансамбль Transients представит программу «Механизм Рождества». Мистерия, созданная на основе произведений немецких композиторов раннего барокко, расскажет слушателям историю Рождества.\r\n\r\nКонцерт «Зеркало в зеркале» 18 декабря пройдет под темой «отражение барокко в современности — и наоборот». В программе альтист Сергей Полтавский вместе с музыкантами-единомышленниками объединит сочинения Генри Перселла и Клаудио Монтеверди с опусами современных композиторов, а старинные инструменты — с саксофонами.\r\n\r\nФестиваль завершится 25 декабря, в день западноевропейского Рождества, исполнением рождественских кантат Иоганна Себастьяна Баха. В праздничный вечер прозвучат две кантаты, которые объединяет гимн Мартина Лютера «Nun komm, der Heiden Heiland» («Гряди, Спаситель народов»).', '2022-12-08 10:36:14', '/template/images/news/festival-advent.jpg', 2, 4),
(31, 'Арт-резиденция «Выкса» объявляет опен-колл на участие в программе 2023 года', 'Арт-резиденция «Выкса» объявляет опен-колл на участие в программе 2023 года. Резиденты смогут реализовать проекты и провести исследования на базе города Выксы Нижегородской области. Прием заявок пройдет с 15 ноября по 15 декабря на официальном сайте резиденции.\r\n\r\nСтать резидентом может любой художник вне зависимости от возраста, жанра, в котором он работает, и страны проживания. Организаторы подчеркивают, что при оценке конкурсных работ предпочтение отдадут авторам заявок, чьи идеи будут включать взаимодействие с городской средой и местными сообществами.\r\n\r\nДлительность резиденции составит от четырех до восьми недель. По итогам отбора в течение 2023 года резиденцию посетят 10 художников. Организаторы предоставят художникам место для проживания на территории культурного центра «Волна», а также грант для создания проекта. Также резиденция покроет расходы на материалы, необходимые для работы.\r\n\r\nХудожникам предстоит познакомиться с местными жителями и провести мастер-класс или лекцию на любую тему. Организаторы отмечают, что одна из задач резиденции — вовлечь местное сообщество в художественный процесс.\r\n\r\nИтогом резиденции станет отчетный проект в виде выставки на одной из площадок города: в Музее истории Выксунского металлургического завода, в открытых пространствах завода или в пространстве «Волны».', '2022-12-08 10:38:38', '/template/images/news/kc-_volna_18.predostavleno-fondom-_omk-uchastie_-1-.jpg', 3, 4),
(32, 'Филиал ГИМа в Туле представляет выставку «Античные вазы»', '1 ноября в филиале Государственного исторического музея в Туле открывается выставка «Античные вазы». В экспозицию войдут более 60 ваз, которые представят историю развития искусства древнегреческой вазописи с середины II тысячелетия до нашей эры по III век до нашей эры.\r\n\r\nЭкспозиция демонстрирует самые разные античные сосуды: амфоры, кратеры, пелики, ойнохои, гидриски. Посетители узнают интересные факты о том, как эти и другие вазы использовались не только в быту, но и в различных ритуалах и церемониях.\r\n\r\nСамые ранние сосуды, представленные на выставке, были созданы в XV–XIII веках до нашей эры на острове Кипр. Это фигурные парфюмерные сосуды с геометрическим орнаментом, а также кратериски в микенском стиле. В экспозицию также вошли чернофигурная керамика Коринфа и Афин, чернофигурные и краснофигурные сосуды аттических мастеров, изделия италийских и малоазийских гончаров.\r\n\r\nПосетители музея увидят уникальную серию краснофигурных пелик «керченского стиля» IV века до нашей эры. На пеликах афинские мастера изобразили амазонок, грифонов и аримаспов — мифических обитателей Северного Причерноморья. Росписи на сосудах, использовавшихся в повседневном быту и религиозных церемониях, позволяют проследить историю Древней Греции.\r\n\r\n«В Государственном историческом музее хранится уникальнейшая археологическая коллекция, составляющая полтора миллиона единиц хранения. Предметы коллекции происходят из археологических памятников — стоянок, городищ, поселений, — отметил директор Исторического музея Алексей Левыкин. — Сегодня в ГИМе работают 12 экспедиций, их география — почти вся территория центральной и южной части Русской равнины. Большим разнообразием отличаются коллекции из раскопок античных городов Пантикапея, Ольвии, Херсонеса и других, представляющих памятники высокоразвитой древнегреческой цивилизации. Некоторые из них можно будет увидеть на выставке «Античные вазы» в нашем филиале в Туле».', '2022-12-08 10:41:15', '/template/images/news/vaza2.jpg', 4, 4);

-- --------------------------------------------------------

--
-- Структура таблицы `users`
--

CREATE TABLE `users` (
  `id` int NOT NULL,
  `login` varchar(255) NOT NULL,
  `first_name` varchar(255) NOT NULL,
  `last_name` varchar(255) NOT NULL,
  `email` varchar(255) NOT NULL,
  `password` varchar(255) NOT NULL,
  `image` varchar(255) NOT NULL,
  `add_date` timestamp NOT NULL DEFAULT CURRENT_TIMESTAMP
) ENGINE=InnoDB DEFAULT CHARSET=utf8mb4 COLLATE=utf8mb4_general_ci;

--
-- Дамп данных таблицы `users`
--

INSERT INTO `users` (`id`, `login`, `first_name`, `last_name`, `email`, `password`, `image`, `add_date`) VALUES
(1, 'Ivan', 'Иван', 'Иванов', 'Ivan@test.ru', '$2y$10$We2kU6ETemFutmLYdqZKiuDx2sj5rYf4H3hhBRCi.RtfkbJQSh4ti', '/template/images/users/user-2.jpg', '2022-11-30 10:35:23'),
(2, 'irina', 'Ирина', 'Иванова', 'irina@test.ru', '$2y$10$wJusKRWF7yCWzM3BSB2U5uxNx1T4xLIrdTT82Uqd41OA8rEI4030y', '/template/images/users/user-1.jpg', '2022-12-01 09:39:48');

--
-- Индексы сохранённых таблиц
--

--
-- Индексы таблицы `authors`
--
ALTER TABLE `authors`
  ADD PRIMARY KEY (`id`);

--
-- Индексы таблицы `category`
--
ALTER TABLE `category`
  ADD PRIMARY KEY (`id`);

--
-- Индексы таблицы `comments`
--
ALTER TABLE `comments`
  ADD PRIMARY KEY (`id`),
  ADD KEY `news_id` (`news_id`),
  ADD KEY `user_id` (`user_id`);

--
-- Индексы таблицы `news`
--
ALTER TABLE `news`
  ADD PRIMARY KEY (`id`),
  ADD KEY `author_id` (`author_id`),
  ADD KEY `category_id` (`category_id`);

--
-- Индексы таблицы `users`
--
ALTER TABLE `users`
  ADD PRIMARY KEY (`id`);

--
-- AUTO_INCREMENT для сохранённых таблиц
--

--
-- AUTO_INCREMENT для таблицы `authors`
--
ALTER TABLE `authors`
  MODIFY `id` int NOT NULL AUTO_INCREMENT, AUTO_INCREMENT=5;

--
-- AUTO_INCREMENT для таблицы `category`
--
ALTER TABLE `category`
  MODIFY `id` int NOT NULL AUTO_INCREMENT, AUTO_INCREMENT=6;

--
-- AUTO_INCREMENT для таблицы `comments`
--
ALTER TABLE `comments`
  MODIFY `id` int NOT NULL AUTO_INCREMENT, AUTO_INCREMENT=5;

--
-- AUTO_INCREMENT для таблицы `news`
--
ALTER TABLE `news`
  MODIFY `id` int NOT NULL AUTO_INCREMENT, AUTO_INCREMENT=33;

--
-- AUTO_INCREMENT для таблицы `users`
--
ALTER TABLE `users`
  MODIFY `id` int NOT NULL AUTO_INCREMENT, AUTO_INCREMENT=3;

--
-- Ограничения внешнего ключа сохраненных таблиц
--

--
-- Ограничения внешнего ключа таблицы `comments`
--
ALTER TABLE `comments`
  ADD CONSTRAINT `comments_ibfk_1` FOREIGN KEY (`news_id`) REFERENCES `news` (`id`),
  ADD CONSTRAINT `comments_ibfk_2` FOREIGN KEY (`user_id`) REFERENCES `users` (`id`);

--
-- Ограничения внешнего ключа таблицы `news`
--
ALTER TABLE `news`
  ADD CONSTRAINT `news_ibfk_1` FOREIGN KEY (`author_id`) REFERENCES `authors` (`id`) ON DELETE RESTRICT ON UPDATE RESTRICT,
  ADD CONSTRAINT `news_ibfk_2` FOREIGN KEY (`category_id`) REFERENCES `category` (`id`) ON DELETE RESTRICT ON UPDATE RESTRICT;
COMMIT;

/*!40101 SET CHARACTER_SET_CLIENT=@OLD_CHARACTER_SET_CLIENT */;
/*!40101 SET CHARACTER_SET_RESULTS=@OLD_CHARACTER_SET_RESULTS */;
/*!40101 SET COLLATION_CONNECTION=@OLD_COLLATION_CONNECTION */;
